UI_20150317_000001	{@st41b}เรียนรู้ Attributes{nl}จาก Masters ของแต่ละสายอาชีพ{/}
UI_20150317_000002	{@st43}รายชื่อ Attribute{/}
UI_20150317_000003	{@st59}ปิดรายชื่อ Attribute{/}
UI_20150317_000004	{@st43}เรียนรู้ Attributes{/}
UI_20150317_000005	{@st59}ปิดหน้าต่าง Attributes{/}
UI_20150317_000006	{@st41b}เงิน{/}
UI_20150317_000007	My Achievements
UI_20150317_000008	Server Ranking
UI_20150317_000009	{@st59}An unexpected event is available.{/}
UI_20150317_000010	{@st59}มีข้อความช่วยเหลือใหม่ !{/}
UI_20150317_000011	{@st41}คุณแน่ใจหรือไม่ว่าต้องการสร้างลูกธนูชนิดนี้?{/}
UI_20150317_000012	{@st41b}ครั้งเดียว{/}
UI_20150317_000013	{@st41b}ทั้งหมด{/}
UI_20150317_000014	{@st41b}หยุดชั่วคราว{/}
UI_20150317_000015	{@st43}บันทึกการผจญภัย{/}
UI_20150317_000016	{@st43}Auction House{/}
UI_20150317_000017	{@st59}ปิด Auction House{/}
UI_20150317_000018	{memo X}{@st41b}ขายItems Sold : ×%s, Items Unsold : ×%s{/}
UI_20150317_000019	{@st43}{s22}Item Auction{/}
UI_20150317_000020	{@st59}ปิดหน้าต่างรายละเอียด Quest{/}
UI_20150317_000021	Availest
UI_20150317_000022	{@st41b}เวลาที่เหลือ
UI_20150317_000023	3 ชั่วโมง 16 นาที
UI_20150317_000024	{@st41b}ราคาเริ่มต้น
UI_20150317_000025	{@st41b}Bids
UI_20150317_000026	{@st41b}ราคาปัจจุบัน
UI_20150317_000027	{@st41b}ราคาประมูล
UI_20150317_000028	{@st41b}ราคาประมูลขั้นต่ำ เริ่มต้นที่{@st57}%s{@st41b}silver{/}
UI_20150317_000029	{@st41b}ประมูล{/}
UI_20150317_000030	{@st43b}ซื้อเลย!{nl}{img icon_item_silver 20 20}{@st57}%s{/}
UI_20150317_000031	{@st44}Permission Settings{/}
UI_20150317_000032	{@st45}ชื่อ: %s{/}
UI_20150317_000033	{@st45}คลังสมบัติของปาร์ตี้{/}
UI_20150317_000034	{@st49}None
UI_20150317_000035	{@st49}ร้านค้า
UI_20150317_000036	{@st49}ได้รับ
UI_20150317_000037	{@st45}สำรวจ{/}
UI_20150317_000038	{@st49}สร้าง
UI_20150317_000039	{@st49}ลบ
UI_20150317_000040	{@st44}บันทึก{/}
UI_20150317_000041	{@st44}ยกเลิก{/}
UI_20150317_000042	{@st43}{s22}ร้านทำผม{/}
UI_20150317_000043	{@st59}ทรงผมก่อนหน้า{/}
UI_20150317_000044	{@st59}ทรงผมถัดไป{/}
UI_20150317_000045	{@st41b} เปลี่ยนป็น {s18} (ต้องการ 100 iCoins) {/}
UI_20150317_000046	{@st59}เปลี่ยนทรงผมเรียบร้อยแล้ว{/}
UI_20150317_000047	{@st41}ยกเลิก
UI_20150317_000048	{@st43}คลาดมืด{/}
UI_20150317_000049	ชื่อหนังสือ
UI_20150317_000050	{@St59}หยุดอ่าน{/}
UI_20150317_000051	{@st59}หน้าที่แล้ว{/}
UI_20150317_000052	{@st59}หน้าถัดไป{/}
UI_20150317_000053	{@st47}%s ปรากฎ!
UI_20150317_000054	{@st43}คะแนน{/}
UI_20150317_000055	ได้รับความเสียหาย
UI_20150317_000056	Technique Bonus
UI_20150317_000057	Evasion Bonus
UI_20150317_000058	Clear Time
UI_20150317_000059	คะแนนรวม
UI_20150317_000060	{@st42}เวลาที่ใช้
UI_20150317_000061	10 นาที
UI_20150317_000062	10 วินาที
UI_20150317_000063	{memo X}{@st44}เสร็จสมบูรณ์
UI_20150317_000064	{@st59}ปิด Vending Machine{/}
UI_20150317_000065	{@st43}Buff Vending Machine
UI_20150317_000066	Vending Machine Name
UI_20150317_000067	{memo X}{@st43}ลงทะเบียน
UI_20150317_000068	{memo X}{@st43}ยกเลิก
UI_20150317_000069	Buff Vending Machine
UI_20150317_000070	{@st59}ปิด Buff Vending Machine.
UI_20150317_000071	{@st59}Buff Vending Machine{nl} - ท่านสามารถจ่าย silver เพื่อรับ Buff จากผู้เล่นคนอื่น
UI_20150317_000072	Carriage Menu
UI_20150317_000073	{ol}{s22}Disembark{/}
UI_20150317_000074	Casting
UI_20150317_000075	{@st43}ตั้งค่าเกม{/}
UI_20150317_000076	{@st64}ใช้ปุ่มลูกศรเพื่อเลือก Cell!
UI_20150317_000077	{@st43}รายละเอียดการเปลี่ยนอาชีพ{/}
UI_20150317_000078	{@st43}เลือกอาชีพ
UI_20150317_000079	Psychokinesist
UI_20150317_000080	{@st42}%s Circle {/}
UI_20150317_000081	จำนวนรอบ circles
UI_20150317_000082	แสดงรายละเอียดโดยย่อของ Class
UI_20150317_000083	{memo X}{@st41b}โจมตี {@sti7}%s{/}
UI_20150317_000084	{memo X}{@st41b}สนับสนุน {@sti7}%s{/}
UI_20150317_000085	{memo X}{@st41b}ความยาก{@sti7}%s{/}
UI_20150317_000086	{@st59}ปิดหน้าต่างรายละเอียด Class{/}
UI_20150317_000087	แจ้งเตื่อนการเปลี่ยน Class
UI_20150317_000088	{@st43} เปลี่ยนอาชีพ
UI_20150317_000089	{@sti7}{s14} ตัวละคร {/}
UI_20150317_000090	{@sti8}{s14} Class {/}
UI_20150317_000091	{@st44}Chat{/}
UI_20150317_000092	ส่งถึง WWWWWWWW และอีก 1 คน
UI_20150317_000093	{memo X}ทั่วไป: /s <ข้อความ> {nl} ตะโกน: /y <ข้อความ> {nl} ปาร์ตี้: /p <ข้อความ>{nl} กระซิบ: /w <ชื่อทีม> <ข้อความ>
UI_20150317_000094	{@st41}Chat ทั้งหมด{/}
UI_20150317_000095	{@59}ออก{/}
UI_20150317_000096	{@59}เชิญ{/}
UI_20150317_000097	{@st59}ทั้งหมด{/}
UI_20150317_000098	{@st59}ทั่วไป (/s <ข้อความ>){/}
UI_20150317_000099	{@st59}ตะโกน (/y <ข้อความ>){/}
UI_20150317_000100	{@st59}ปาร์ตี้ (/p <ข้อความ>){/}
UI_20150317_000101	{@st59}กระซิบ (/w <ชื่อ Team> <ข้อความ>){/}
UI_20150317_000102	{@st59}ปรับแต่งหน้าต่างพูดคุย{/}
UI_20150317_000103	{@st43}{s22}Chat มาโคร{/}
UI_20150317_000104	{@st43}มาโคร{/}
UI_20150317_000105	{@st59b}มาโคร {nl} {@st59s} - วิธีใช้งาน: {1. ลาก Gesture icon ใส่เข้าไปที่ Gesture slots ใดๆ ที่ด้านล่าง{nl} 2. เขียนถ้อยคำของคุณและทำการบันทึก{nl} 3. ใช้ Shortcut key เพื่อใช้ถ้อยคำและทำท่าทางพร้อมกัน{/}
UI_20150317_000106	{@st59}ปิดมาโคร{/}
UI_20150317_000107	{@st41b}บันทึก {/}
UI_20150317_000108	{@st59}บันทึกการเปลี่ยนแปลง{/}
UI_20150317_000109	{@st41b}ยกเลิก {/}
UI_20150317_000110	{@st59}ยกเลิกการเปลี่ยนแปลง{/}
UI_20150317_000111	{@st42}ตั้งค่า Chat
UI_20150317_000112	{@st42}ความโปร่งใส
UI_20150317_000113	แสดง chat balloon
UI_20150317_000114	แสดงข้อความ ตะโกน อยู่บนสุด
UI_20150317_000115	{@st43}Cheat List{/}
UI_20150317_000116	{memo X}{@st42b}ไอเท็ม{/}
UI_20150317_000117	{memo X}{@st42b}มอนสเตอร์{/}
UI_20150317_000118	{memo X}{@st42b}เลื่อนแผนที่{/}
UI_20150317_000119	{memo X}{@st42b}Combat Order{/}
UI_20150317_000120	{@st41b}ปิด{/}
UI_20150317_000121	{s16}{b}สร้าง Item โดยการคลิกที่ปุ่มสร้างหรือคลิกสองครั้ง
UI_20150317_000122	{memo X}{s16}{b}ea
UI_20150317_000123	{memo X}{s16}{b}Lv.
UI_20150317_000124	{@st41b}ค้นหา{/}
UI_20150317_000125	{s16}{b}อัญเชิญ monster โดยคลิกปุ่มสร้าง หรือคลิกสองครั้ง
UI_20150317_000126	{memo X}{s16}{b}ea
UI_20150317_000127	{s16}{b}เลือกพื้นที่ที่ต้องการ
UI_20150317_000128	{s18}{b}ดู Minimap{/}
UI_20150317_000129	{@st41b}Tool List{/}
UI_20150317_000130	{@st59b}Collection {nl}{@st59s}- ซื้อ Collection Deck เข้าไปอยู่ในรายการ collection ของคุณ {nl} - Collection hotkey จะใช้งานได้เมื่อคุณใช้  Collection Deck{nl} {/}
UI_20150317_000131	{@st59}ปิดข้อมูล Collection{/}
UI_20150317_000132	{@st43}Collection{/}
UI_20150317_000133	{@st43}สี Spray{/}
UI_20150317_000134	{@st49}สี Spray{/}
UI_20150317_000135	{@st49}สี{/}
UI_20150317_000136	{@st49}เหลือ{/}
UI_20150317_000137	{@st49}แปรง{/}
UI_20150317_000138	{@st49}{a END_EDIT_SPRAY}วาด{/}{/}
UI_20150317_000139	{@st49}{a SAVE_EDIT_SPRAY}บันทึก{/}{/}
UI_20150317_000140	{@st49}{a LOAD_EDIT_SPRAY}นำเข้า{/}{/}
UI_20150317_000141	{@st49}ปิด{/}
UI_20150317_000142	{@st43} Companion Adoption
UI_20150317_000143	{@st59} ระบุชื่อสัตว์เลี้ยงใหม่ของท่าน{/}
UI_20150317_000144	{@st41b}ชื่อ{/}
UI_20150317_000145	{@st41b}ราคา %s{/}
UI_20150317_000146	{@st59}ปิดหน้าต่าง Companion Adoption{/}
UI_20150317_000147	{@st41b}รับเลี้ยง
UI_20150317_000148	{@st59}ยืนยันการรับเลี้ยง{/}
UI_20150317_000149	{@st43}ร้านค้าสัตว์เลี้ยง
UI_20150317_000150	{@st59}ปิดร้านค้าสัตย์เลี้ยง{/}
UI_20150317_000151	{@st43}ข้อมูลอื่นๆของตัวละคร{/}{@st42}
UI_20150317_000152	{@st59}ปิดหน้าต่างข้อมูลตัวละคร{/}
UI_20150317_000153	{@st41b}รายละเอียด
UI_20150317_000154	{@st41b}บันทึก
UI_20150317_000155	ชื่อทีม
UI_20150317_000156	ชื่อตัวละคร
UI_20150317_000157	Circle {#ffff00}%s{/} %s Lv. {#ffff00}%s{/}
UI_20150317_000158	Warrior
UI_20150317_000159	{memo X}ดัชนีการผจญภัย {#ffff00}%s{/} (Rank{#ffff00}%s{/}/%s)
UI_20150317_000160	ดัชนีการผจญภัย {#ffff00}%s{/} ({#ffff00}Unranked{/})
UI_20150317_000161	ความสำเร็จทั้งหมด : {#ffff00}%s{/}
UI_20150317_000162	ตั้งค่า
UI_20150317_000163	Clear the tab title to delete the tab.
UI_20150317_000164	{@st49}ทั้งหมด{/}
UI_20150317_000165	{@st49}ระบบ{/}
UI_20150317_000166	{@st49}ทั่วไป{/}
UI_20150317_000167	{@st49}ต่อสู้{/}
UI_20150317_000168	{@st49}ไอเท็ม{/}
UI_20150317_000169	{@st43}Credits{/}
UI_20150317_000170	{memo X}{@st43}การตั้งค่าล๊อกเป้าหมาย{/}
UI_20150317_000171	ชื่อ NPC
UI_20150317_000172	เปรียบเทียบ
UI_20150317_000173	Illustration
UI_20150317_000174	เลือกบทสนทนา
UI_20150317_000175	ข้อความช่วยเหลือ
UI_20150317_000176	{@st41}กำลังสร้างไอเท็ม{/}
UI_20150317_000177	{@st45tw2}สร้างไอเท็ม ...
UI_20150317_000178	%r วินาที
UI_20150317_000179	{@st41}ยกเลิก{/}
UI_20150317_000180	{@st45tw2}จำนวน{/}
UI_20150317_000181	{@st45tw2}คุณต้องการสร้างไอเท็มนี้หรือไม่?
UI_20150317_000182	{@st41}ยืนยัน{/}
UI_20150317_000183	รายละเอียดเควส
UI_20150317_000184	{@st59}ยกเลิการซื้อขาย{/}
UI_20150317_000185	{@st43}แลกเปลี่ยนส่นบุคคล{/}
UI_20150317_000186	รายชื่อเทรดของฉัน
UI_20150317_000187	Silver : %s
UI_20150317_000188	{memo X}Enter
UI_20150317_000189	{@st41}ยอมรับ
UI_20150317_000190	{@st41}ยืนยัน
UI_20150317_000191	ชื่อผู้เล่นอื่น ๆ (%s) รายชื่อการซื้อขาย
UI_20150317_000192	ชื่อผู้เล่นอื่น ๆ
UI_20150317_000193	{s18}{ol} {gr gradation1}Field Event{/}
UI_20150317_000194	{s20}{ol}เอาชนะชนเผ่า Vubbe! คุณต้องการที่จะเข้าร่วมรึไม่ ?
UI_20150317_000195	{s20}{ol}%s คุณต้องการที่จะเข้าร่วมรึไม่
UI_20150317_000196	{s20}{ol}ผู้เข้าร่วม : (1/5)
UI_20150317_000197	{s20}{ol}ผู้เข้าร่วม : (%s/%s)
UI_20150317_000198	{s20}{ol}เกมกำลังจะเริ่มต้นขึ้นภายใน 1 วินาที
UI_20150317_000199	{s20}{ol}เกมกำลังจะเริ่มต้นขึ้นภายใน %s วินาที
UI_20150317_000200	ไม่ต้องแสดง Events นี้อีกสำหรับวันนี้
UI_20150317_000201	ไม่ต้องแสดง Field Events
UI_20150317_000202	เข้าร่วม
UI_20150317_000203	เริ่มต้นเกมกับผู้เล่นคนอื่น
UI_20150317_000204	ปฏิเสธการเชิญ
UI_20150317_000205	Spray Presets
UI_20150317_000206	{@st49}เลือก{/}
UI_20150317_000207	{@st49}ยกเลิก{/}
UI_20150317_000208	{@st49}ลบ{/}
UI_20150317_000209	กรุณาใส่ชื่อเพื่อบันทึก.
UI_20150317_000210	{@st43}เพื่อน
UI_20150317_000211	{@st59}ปิดรายชื่อเพื่อน{/}
UI_20150317_000212	{@st59b}เพื่อน {nl}{@st59s} - Become friends with other players in the game. {nl} - You can check the status on your friends through the Friends List tab. {nl} - In the Manage tab, you can invite, decline or block your friends. {/}
UI_20150317_000213	{@st41b}เพื่อนที่ออนไลน์{/}
UI_20150317_000214	{@st41b}รายชื่อ
UI_20150317_000215	{@st41b}การจัดการ
UI_20150317_000216	{@st41b}ส่งคำขอเป็นเพื่อน
UI_20150317_000217	{@st41b}Block
UI_20150317_000218	{@st59}ค้นหา{/}
UI_20150317_000219	{@st44}Guild{/}
UI_20150317_000220	Guild
UI_20150317_000221	List
UI_20150317_000222	News
UI_20150317_000223	Guild Mission
UI_20150317_000224	Members Online
UI_20150317_000225	{@st44}Create Guild{/}
UI_20150317_000226	{@st42}สร้าง{/}
UI_20150317_000227	{@st42}ปิด{/}
UI_20150317_000228	{@st42}ทั้งหมด{/}
UI_20150317_000229	{@st42}Rankings ของวันนี้{/}
UI_20150317_000230	{@st42}Rankings ต่อสัปดาห์{/}
UI_20150317_000231	{@st56}Rank {/}
UI_20150317_000232	{@st56}คะแนน{/}
UI_20150317_000233	{@st56}Class{/}
UI_20150317_000234	{@st56}ชื่อ {/}
UI_20150317_000235	ก่อนหน้านี้
UI_20150317_000236	หน้าถัดไป
UI_20150317_000237	{@st42}Search ID{/}
UI_20150317_000238	ใส่ ID เพื่อค้นหา
UI_20150317_000239	ปิด Hall of Fame
UI_20150317_000240	ใส่ ID เพื่อค้นหา
UI_20150317_000241	{memo X}{@st59} Stamina {/}
UI_20150317_000242	{@st43}รายการช่วยเหลือ{/}
UI_20150317_000243	{@st59}ปิดหน้าต่างรายการช่วยเหลือ{/}
UI_20150317_000244	{@st59b}Help List{nl}{@st59s} - If you need help with something, you can always read the Help Topics. {nl} - Select a topic to view more information about it. {/}
UI_20150317_000245	{@st43}{s22}ช่วยเหลือ{/}
UI_20150317_000246	{@st47_b}{b}Help Topics{/}
UI_20150317_000247	{@st42b}Simple Help Contents{/}
UI_20150317_000248	{@st59}View details{/}
UI_20150317_000249	Please enter a quantity
UI_20150317_000250	{@st59}Enter the contents{/}
UI_20150317_000251	{@st41b}ยืนยัน
UI_20150317_000252	{@st59}ยืนยัน {/}
UI_20150317_000253	{@st41b}ปิด
UI_20150317_000254	{@st59}ยกเลิก {/}
UI_20150317_000255	{@st43}Warp{/}
UI_20150317_000256	{@st59}Close Warp Window{/}
UI_20150317_000257	{@st59b}Warp{nl}{@st59s} - Allows you to quickly travel to regions you have already visited. {nl} - Feature is activated when two or more warp points are available. {nl} {/}
UI_20150317_000258	{@st41}Current Location : %s{/}
UI_20150317_000259	{@st43}{s22}Warp{/}
UI_20150317_000260	{@st41b}Do you want to move to this area?{/}
UI_20150317_000261	What about Siauliai
UI_20150317_000262	Coin Consumed : 0
UI_20150317_000263	Intro
UI_20150317_000264	{@st43}กระเป๋า{/}
UI_20150317_000265	{@st59}ปิดกน้าต่างกระเป๋า{/}
UI_20150317_000266	{memo X}{@st59b}Equipment {nl} {@st59s}- Hairstyle/Costume: Equipment to change a characters appearance. {nl} - Weapon: Can equip one-handed or two-handed weapons {nl} (sub-weapon/shield can be equipped with a one-handed weapon) {nl} - Armor: Top, Pants, Gloves, Shoes. {nl} - Accessories: Can equip 1 Necklace and 2 Bracelets. {nl} {/}
UI_20150317_000267	{@st59}Hairstyle Costume 1{/}
UI_20150317_000268	{@st59}Hairstyle Costume 2{/}
UI_20150317_000269	{@st59}Necklace{/}
UI_20150317_000270	{@st59}คอสตูม{/}
UI_20150317_000271	{@st59}ส่วนบน{/}
UI_20150317_000272	{@st59}ถุงมือ{/}
UI_20150317_000273	{@st59}กางเกง{/}
UI_20150317_000274	{@st59}รองเท้า{/}
UI_20150317_000275	{@st59}มือซ้าย{/}
UI_20150317_000276	{@st59}มือขวา{/}
UI_20150317_000277	{@st59}กำไล 1{/}
UI_20150317_000278	{@st59}กำไล 2{/}
UI_20150317_000279	{@st59}สายรัดข้อมือ{/}
UI_20150317_000280	{@st59}ค้นหา{/}
UI_20150317_000281	น้ำหนัก
UI_20150317_000282	{memo X}{@st43}Equipment Buff{/}
UI_20150317_000283	{@st59}ปิดหน้าต่างซ่อมแซม Item{/}
UI_20150317_000284	{memo X}{@st42}Available for Buff
UI_20150317_000285	{memo X}{@st42}ชุดแฟชั่น{/}
UI_20150317_000286	{memo X}{@st42}Run
UI_20150317_000287	{memo X}{@st42}Target Item{/}
UI_20150317_000288	{@st59}แหวน 1{/}
UI_20150317_000289	{@st43}Item Crafting{/}
UI_20150317_000290	{@st42b}แสดงเฉพาะไอเท็มที่สร้างได้{/}
UI_20150317_000291	{@st59}Close Item Crafting {/}
UI_20150317_000292	{@st43}{s22}แยก Item
UI_20150317_000293	{@st59}ใส่จำนวนที่ต้องการ{/}
UI_20150317_000294	แถบ HP ของ Monster
UI_20150317_000295	{@st44}Item Set acquired{/}
UI_20150317_000296	Keyboard Warrior
UI_20150317_000297	จำนวนที่ฆ่า
UI_20150317_000298	99 นาที 99 วินาที
UI_20150317_000299	38000 คะแนน
UI_20150317_000300	Enhanced Speed Potion
UI_20150317_000301	{@st41}ยืนยัน{/}
UI_20150317_000302	{@st59b} บันทึกการผจญภัย {nl}{@st59s}- ความคืบหน้าในเกมส์ของท่านจะถูกบันทึกอยู่ในบันทึกการผจญภัย {nl} - You can progress your Adventure Index through contents such as: obtaining items, hunting monsters, crafting and map exploration.{nl}    Adventure Index : The total of all your indexes. {nl}    Growth : 5 points per character level and class level {nl}    Items : Equipment : grade X 10 points, Books : 10 points, Others : 1 point {nl}    Monsters : 10 points per monster (50 points for Boss Monsters) {nl}    Maps : 1 point per 10% explored {nl}    Quests : 1 point per quest {nl}    Achievements : Varies by achievement {nl}    Crafting : 10 points {nl}    Collection : 5 points for a deck and 45 points when it is completed {nl} - You can receive special rewards from an NPC in town depending on your Adventure Index. {/}
UI_20150317_000303	{@sti7}{s22}{ds}Achievements{/}
UI_20150317_000304	{@st42b}{#22FF22} 10% แรก / %s คะแนน{/}
UI_20150317_000305	{@st42b} คะแนนเฉลี่ย / %s คะแนน {/}
UI_20150317_000306	Rank 1 / %s คะแนน
UI_20150317_000307	Rank %s
UI_20150317_000308	%s คะแนน
UI_20150317_000309	Profession
UI_20150317_000310	Team
UI_20150317_000311	{@st59}ปิดบันทึกการผจญภัย{/}
UI_20150317_000312	{@st43}จัดอันดับบันทึกการผจญภัย{/}
UI_20150317_000313	{@st43}{s22}ลำดับที่   
UI_20150317_000314	{@st43}{s22}ชื่อ
UI_20150317_000315	{@st43}{s22}คะแนน
UI_20150317_000316	{@st41}รายละเอียด{/}
UI_20150317_000317	{@st43}Start Crafting{/}
UI_20150317_000318	{@st59}Start item crafting.{/}
UI_20150317_000319	{@st44}Keypad{/}
UI_20150317_000320	{@st42}Time limit
UI_20150317_000321	{@st56}ฆ่า{/}
UI_20150317_000322	{@st56}Overkill{/}
UI_20150317_000323	{@st56}Shot{/}
UI_20150317_000324	{@st56}ตาย{/}
UI_20150317_000325	Spell Power
UI_20150317_000326	พลังป้องกัน
UI_20150317_000327	พลังป้องกันเวทย์
UI_20150317_000328	Critical Rate
UI_20150317_000329	{@st43}Socket{/}
UI_20150317_000330	{@st59}Close the Socket Management{/}
UI_20150317_000331	กรุณาใส่ Item ที่ต้องการ
UI_20150317_000332	Potential
UI_20150317_000333	{memo X}Additional socket cost : {#ff9933}%s{/}{nl}Gem extraction cost : {#ff9933}%s{/}
UI_20150317_000334	{@st41b}Add Socket
UI_20150317_000335	{@st41b}Extract Gem
UI_20150317_000336	{@st41}Craft{/}
UI_20150317_000337	{@st41}%s %s ea
UI_20150317_000338	Area Map
UI_20150317_000339	{memo X}Area Explored : 95.5%
UI_20150317_000340	{memo X}{@st45tw}Area Explored %s% {/}
UI_20150317_000341	{@st59}ปิดหน้าต่างแผนที่ (M){/}
UI_20150317_000342	{@st41}แผนที่{/}
UI_20150317_000343	Shift(clear), Ctrl(mid fill)
UI_20150317_000344	{ol}หัวข้อ
UI_20150317_000345	{@st41}เพิ่ม{/}
UI_20150317_000346	{@st41}ลบ{/}
UI_20150317_000347	{@st41}บันทึก{/}
UI_20150317_000348	{@st41}อัตโนมัติ{/}
UI_20150317_000349	{@st41}Reset{/}
UI_20150317_000350	{@st59}Set quantity.{/}
UI_20150317_000351	{ol}Group
UI_20150317_000352	{ol}ข้อความ
UI_20150317_000353	{ol}Sound
UI_20150317_000354	{@st41}Create Minimap{/}
UI_20150317_000355	{@st55}Area Map
UI_20150317_000356	{@st43}{s22}Market{/}
UI_20150317_000357	{@st43}{s24}Market{/}
UI_20150317_000358	{@st42b}Filter{/}
UI_20150317_000359	{@st42b}ประเภท{/}
UI_20150317_000360	{@st42b}Req. Lv{/}
UI_20150317_000361	{@st42b}Enhance Lv{/}
UI_20150317_000362	{@st42b}ชื่อ
UI_20150317_000363	{@st41b}กล่องไอเท็ม%s
UI_20150317_000364	{@st41b}ขาย
UI_20150317_000365	{@st41b}ค้นหา
UI_20150317_000366	{@st59}Close the Market window{/}
UI_20150317_000367	{@st42b}จัดเรียง
UI_20150317_000368	{@st41b}ไอเท็มสำหรับขาย
UI_20150317_000369	{@st43}{s22}กล่องไอเท็ม
UI_20150317_000370	{@st41b}รับไอเท็มทั้งหมด
UI_20150317_000371	{@st41b} กล่องไอเท็ม
UI_20150317_000372	{@st43}{s22}ขาย
UI_20150317_000373	{@st42b}จำนวน
UI_20150317_000374	{@st42b}ราคา
UI_20150317_000375	{@st42b}ซ่อนชื่อผู้ขาย{/}
UI_20150317_000376	{@st41b}เพิ่ม
UI_20150317_000377	Siege Coin
UI_20150317_000378	Someone killed someone
UI_20150317_000379	{@st43}Minigames{/}
UI_20150317_000380	{@st49}Fire Catapult{/}
UI_20150317_000381	{@st44}Control directions{/}
UI_20150317_000382	{@st44}Fire{/}
UI_20150317_000383	Minigame
UI_20150317_000384	{s18}{ol}{gr gradation1}Hide and seek minigame{/}
UI_20150317_000385	{s16}Would you like to join the mini-game?
UI_20150317_000386	{s16}Participants : (0/5)
UI_20150317_000387	{s16}Participants : (%s /%s)
UI_20150317_000388	{s16}The game starts after 1 second.
UI_20150317_000389	{s16}The game starts after %s seconds.
UI_20150317_000390	{@st59}Zoom in{/}
UI_20150317_000391	{@st59}Zoom out{/}
UI_20150317_000392	{@st59}Map (M){/}
UI_20150317_000393	{@st42b} Area Map
UI_20150317_000394	{@st44}Item Synthesizer{/}
UI_20150317_000395	{s16}{#FFcc66}{ol}Please select the item you want to create{/}{/}
UI_20150317_000396	{s16}{#FFcc66}{ol}Drag the ingredients to the slots
UI_20150317_000397	{@st42}Create{/}
UI_20150317_000398	{@st42} ยกเลิก {/}
UI_20150317_000399	Information of %s
UI_20150317_000400	Kepa or ...
UI_20150317_000401	{@st41}{Details}
UI_20150317_000402	{s20}{#050505}Monster Description Monster Description Monster Description Monster Description
UI_20150317_000403	{@st41} Kill {/}
UI_20150317_000404	{@st41} Overkill {/}
UI_20150317_000405	{@st41} Normal Kill {/}
UI_20150317_000406	{@st41} Area {/}
UI_20150317_000407	{@st41} Item {/}
UI_20150317_000408	{@st41} ความสำเร็จ {/}
UI_20150317_000409	Object
UI_20150317_000410	{@st43}Necronomicon{/}
UI_20150317_000411	{@st59}Close Necronomicon UI{/}
UI_20150317_000412	{memo X}{@st59}I am too lazy to think.{/}
UI_20150317_000413	Summoned Creature : {#ffcc33}%s{/}
UI_20150317_000414	{memo X}Undead Harpy
UI_20150317_000415	{memo X}Skill : %s
UI_20150317_000416	{memo X}Skill 1, Skill 2
UI_20150317_000417	{memo X}Fragments needed : %s
UI_20150317_000418	{memo X}Beast 60 / Insect 20/ Mutant 10
UI_20150317_000419	Number of Fragments
UI_20150317_000420	{memo X}Parts 1
UI_20150317_000421	{memo X}Parts 2
UI_20150317_000422	{memo X}Parts 3
UI_20150317_000423	ยินดีด้วย! Level ของคุณเพิ่มขึ้นแล้ว.
UI_20150317_000424	Item Alarm
UI_20150317_000425	{@st64}Details{/}
UI_20150317_000426	วิธีการเล่น
UI_20150317_000427	{@st42b}          บังคับตัวละครด้วยปุ่ม{/}
UI_20150317_000428	{@st42b}         โจมตีปกติ{/}
UI_20150317_000429	{@st42b}                กระโดด{/}
UI_20150317_000430	{@st42b}     ใช้สองปุ่มร่วมกันเพื่อนเคลื่อนที่แนวเฉียง{/}
UI_20150317_000431	Fog Map Tool
UI_20150317_000432	Tool for killing monsters
UI_20150317_000433	Tool for making minimap
UI_20150317_000434	Dialogue tool
UI_20150317_000435	{@st43}ตั้งค่า GM{/}
UI_20150317_000436	{@st59}ปิดหน้าต่างรายละเอียดปาร์ตี้{/}
UI_20150317_000437	{@st59b}Party Information{nl}{@st59s} - Click on the "Create Party" button at the bottom to create a party. {nl} - Right-click on other players to send a party invite. {nl} - Changes can be made to the party through the Settings tab. {nl} - Set up specific conditions to search for party members from the Public Party list. {/}
UI_20150317_000438	{@st43}รายละเอียดปาร์ตี้{/}
UI_20150317_000439	{@st41b}สมาชิก{/}
UI_20150317_000440	{@st41b}กิจกรรมปาร์ตี้ {/}
UI_20150317_000441	{@st41b}ตั้งค่า{/}
UI_20150317_000442	{memo X}{@st41}สมาชิก{/}
UI_20150317_000443	{memo X}{@st41}เงื่อนไขการเข้าร่วมปาร์ตี้
UI_20150317_000444	{memo X}{@st41b}สาธารณะ
UI_20150317_000445	{memo X}{@st41b}ลับ
UI_20150317_000446	{memo X}ต้องการ Level ~
UI_20150317_000447	{memo X}{@st41}การแบ่ง Item
UI_20150317_000448	{memo X}{@st41b}แบ่งตามบุคคล
UI_20150317_000449	{memo X}{@st41b}แบ่งเท่ากัน
UI_20150317_000450	{memo X}{@st41b}สุ่ม
UI_20150317_000451	{memo X}{@st41}การแบ่ง EXP
UI_20150317_000452	{memo X}{@st41b}แบ่งตามบุคคล
UI_20150317_000453	{memo X}{@st41b}แบ่งเท่ากัน
UI_20150317_000454	{memo X}{@st41b}แบ่งตาม Level 
UI_20150317_000455	{memo X}{@st41}การแบ่ง Quest
UI_20150317_000456	{memo X}{@st41b}เปิด
UI_20150317_000457	{memo X}{@st41b}ปิด
UI_20150317_000458	{@st41b}สร้างปาร์ตี้
UI_20150317_000459	{@st43}รายการปาร์ตี้สาธาณะ {/}
UI_20150317_000460	{@st59b}รายการปาร์ตี้สาธาณะ{nl}{@st59s} - ค้นหา Party ที่คุณต้องการจะเข้าร่วม {nl} - ติ๊ก "ใช้การค้นหา" เพื่อค้นหาเงื่อนไขของ Party ที่คุณต้องการเข้าร่วม {/}
UI_20150317_000461	{@st59}ปิดหน้าต่างรายการปาร์ตี้{/}
UI_20150317_000462	ใช้การค้นหา
UI_20150317_000463	การแบ่งปัน Quest
UI_20150317_000464	การแบ่งปัน EXP
UI_20150317_000465	การแบ่งปัน Item
UI_20150317_000466	{@st43}เชิญ
UI_20150317_000467	{@st41b}เชิญ{/}
UI_20150317_000468	{memo X}{s18}{ol}{gr gradation1}Logout PC rules{/}
UI_20150317_000469	{ol}Conditions for applying rules
UI_20150317_000470	{ol}Action for applying rules
UI_20150317_000471	Enter a name for the rule
UI_20150317_000472	{Gr gradation1}Registration{/}
UI_20150317_000473	Register Rules
UI_20150317_000474	{Gr gradation1}ยกเลิก{/}
UI_20150317_000475	Cancel Action
UI_20150317_000476	{@st43}Companion Info
UI_20150317_000477	{@st59b} Companion Info{nl}{@st59s} - You can set your Companion to Active or in Rest Mode using the button below. {nl} - The attributes and equipped items of your Companion can be customized. {/}
UI_20150317_000478	{@st59}Close Companion Info{/}
UI_20150317_000479	{memo X}{@st41b}Name : {@sti9}%s{/}
UI_20150317_000480	{memo X}{@sti9}%s{@st41b}Closeness : {@sti9}%s {@st41b}Level{/}
UI_20150317_000481	{memo X}{@st41b}EXP{/}
UI_20150317_000482	{memo X}{@st41b}Stamina{/}
UI_20150317_000483	{memo X}{@st41b}Closeness{/}
UI_20150317_000484	{memo X}{@st41b}Attributes and Information
UI_20150317_000485	{@st43}Companion{/}
UI_20150317_000486	{@st59b}Companion{nl}{@st59s} - Click on an item in the list to view more information. {/}
UI_20150317_000487	{@st59}Close Companion{/}
UI_20150317_000488	{@st59}Close Help window{/}
UI_20150317_000489	{@st59}Help{nl} - View detailed information and tips. {nl} - View other topics from the Help List{/}
UI_20150317_000490	{@st43}Help{/}
UI_20150317_000491	Help Topics
UI_20150317_000492	{ol}{#AAAA00}{s16}Elapsed Time : %s
UI_20150317_000493	{@st43}Poison Pot{/}
UI_20150317_000494	{@st59}Close Poison Pot UI{/}
UI_20150317_000495	{@st59}Need to write{/}
UI_20150317_000496	{memo X}The amount of poison: %s
UI_20150317_000497	{memo X}Items that can be used to Craft poison
UI_20150317_000498	{memo X}เลือกทั้งหมด
UI_20150317_000499	คลิกอีกครั้งเพื่อยกเลิกไอเท็มที่เลือกทั้งหมด
UI_20150317_000500	{memo X}Crafting
UI_20150317_000501	{memo X}shuffle shuffle mix and shuffle
UI_20150317_000502	{@st43}Category{/}
UI_20150317_000503	{@st43}Me{/}
UI_20150317_000504	{@st43}Object{/}
UI_20150317_000505	{@st43}Level{/}
UI_20150317_000506	{@st43}เงิน{/}
UI_20150317_000507	{@st43}Rate{/}
UI_20150317_000508	{@st43}PvP Win rate{/}
UI_20150317_000509	{@st59}Close{/}
UI_20150317_000510	{@sti5}Total Purchase Amount : %s{/}
UI_20150317_000511	{@sti5}Total Amount : %s{/}
UI_20150317_000512	{@st41b} Purchase
UI_20150317_000513	{memo X}{@st43}Gained materials for a craftable item!
UI_20150317_000514	{@st43}Magnum Opus{/}
UI_20150317_000515	{@st41}Delete All
UI_20150317_000516	{memo X}{@st42}Pension object {@stx1}(%s required){/}
UI_20150317_000517	{@st41}Combine
UI_20150317_000518	{@st43}เควส{/}
UI_20150317_000519	{@st59b}Quests{nl}{@st59s} - When you are on a new quest, it will be added to the quest tracker. {nl} - A main quest is displayed in yellow color, while a subquest is displayed in blue. {nl} - The arrow on the character's foot leads to the location of your quest. {nl} - If you completed a quest, a 'Return' icon is displayed on the quest tracker. {nl}    (Teleports you to the Quest NPC using the Backspace key or a mouse-click) {nl} - Add or remove quests in the quest tracker by ticking or unticking the box in front of the quest name. {/}
UI_20150317_000520	{@st41b}กำลังทำ{/}
UI_20150317_000521	{@st41b}ยอมแพ้{/}
UI_20150317_000522	{@st43}{s22}รายละเอียดเควส{/}
UI_20150317_000523	Mission Complete
UI_20150317_000524	{@st41}Complete{/}
UI_20150317_000525	Mission Progress Info
UI_20150317_000526	{s18}{ol}รายละเอียดเควส
UI_20150317_000527	{s16}Time Left
UI_20150317_000528	Use quest item
UI_20150317_000529	Quest Hint
UI_20150317_000530	{@st41}ยืนยัน{/}
UI_20150317_000531	{@st43}{s22}เควสเสร็จสมบูรณ์{/}
UI_20150317_000532	{@st41b}เสร็จสิ้น{/}
UI_20150317_000533	{@st41}Accept{/}
UI_20150317_000534	{@st41}Decline{/}
UI_20150317_000535	{@st44}Go Back{/}
UI_20150317_000536	Which quest would you like to go back to?
UI_20150317_000537	{memo X}{@st41b}Quest class name{/}
UI_20150317_000538	{@st59}Expand slot {/}
UI_20150317_000539	{@st59}Reduce slot{/}
UI_20150317_000540	{memo X}{@st59}Summon Companion.{/}
UI_20150317_000541	{@st44}Menu{/}
UI_20150317_000542	{@st60}Character Selection{/}
UI_20150317_000543	{@st60}Logout{/}
UI_20150317_000544	{@st60}ออกจากเกม{/}
UI_20150317_000545	{@st60}ตั้งค่าเกม{/}
UI_20150317_000546	{@st60}Go Back{/}
UI_20150317_000547	{@st41}Skip Tutorial{/}
UI_20150317_000548	{@st41}Character Selection{/}
UI_20150317_000549	{@st41}Logout{/}
UI_20150317_000550	{@st41}ออกจากเกม{/}
UI_20150317_000551	{@st41}Go Back{/}
UI_20150317_000552	{@st43}{s22}Gather Raid!
UI_20150317_000553	{@st41b}Monsters are approaching the outskirts of the town castle. Only you can solve this problem.
UI_20150317_000554	{@st43}{s22}ตั้งค่าเกม{/}
UI_20150317_000555	{@sti7}Searching parties for raid...{/}
UI_20150317_000556	{@st41b}Cancel participation
UI_20150317_000557	{@st41b}I'll try to solve it!
UI_20150317_000558	{@st41b}I don't think I can help this time...
UI_20150317_000559	{@sti7}{s24}Select Raid Rewards{/}
UI_20150317_000560	{@st42b}Remaining time {@st43}%s{@st42b} seconds{/}
UI_20150317_000561	{@st41b}Increase the number of selections
UI_20150317_000562	{@43b}{s22} No. of times selectable : {@st43}%s{/}
UI_20150317_000563	shadow_box tentativeremoval
UI_20150317_000564	{@st43}Ranking{/}
UI_20150317_000565	{@st59}Close Rankings Window{/}
UI_20150317_000566	{@st41}Monster Kill Top 100{/}
UI_20150317_000567	{@st41}Damage Top 100{/}
UI_20150317_000568	{@st41}Money Money Top 100{/}
UI_20150317_000569	{@st41}Level Up Top 100{/}
UI_20150317_000570	{@st41b}Menu{/}
UI_20150317_000571	{@st43}{s22}Enhance Item{/}
UI_20150317_000572	{@st41b}Selected Item
UI_20150317_000573	{@st41b}Anvil
UI_20150317_000574	{@st41}{s20}Anvil Hit Count :{@st43} %s
UI_20150317_000575	{@st41} {s20}ราคา : %s
UI_20150317_000576	{@st41b}เสริมพลัง{/}
UI_20150317_000577	{@st59}Start Item Enhancement{/}
UI_20150317_000578	{@st59}Close Enhancement{/}
UI_20150317_000579	{@st41b} ท่านต้องการเสริมพลังด้วย {@sti9}×%s{/} ไอเท็มที่ถูกเลือก?{/}
UI_20150317_000580	{memo X}{@st43}Enhance
UI_20150317_000581	{@st44}Enhance Item{/}
UI_20150317_000582	{s24}{b}{#000000}Enhancement Completed!
UI_20150317_000583	{@st41}Enhance Again{/}
UI_20150317_000584	{@st41}Close{/}
UI_20150317_000585	{s18}{ol}{gr gradation1}Repair Equipment{/}
UI_20150317_000586	Equipped Equipment
UI_20150317_000587	Carried Equipment
UI_20150317_000588	{Gr gradation1}เลือกทั้งหมด{/}
UI_20150317_000589	เลือกทั้งหมด
UI_20150317_000590	{Gr gradation1}ซ่อมแซม{/}
UI_20150317_000591	{@st43}ซ่อมแซม{/}
UI_20150317_000592	{memo X}List of items for repair
UI_20150317_000593	{@st41b}ค่าซ่อมแซม{/}
UI_20150317_000594	{@st41b}จำนวนเงินที่มี{/}
UI_20150317_000595	{@st41b}ซ่อมแซมอุปกรณ์{/}
UI_20150317_000596	ซ่อมแซมอุปกรณ์ที่้เลือก
UI_20150317_000597	{@st59}Close Item Repair{/}
UI_20150317_000598	{@st43}Repair Item{/}
UI_20150317_000599	{@st41}List of items for Repair{/}
UI_20150317_000600	{@st44}Item Repair{/}
UI_20150317_000601	{@st42}ซ่อมแซม{/}
UI_20150317_000602	{@st59}Repair as current settings{/}
UI_20150317_000603	{@st59}ไม่สามารถซ่อมแซมได้{/}
UI_20150317_000604	{@st44}Resume{/}
UI_20150317_000605	{memo X}{@st41b}You have become {/}{s20}{#cc6600}{ol} incapable of combat{/}{@st41b}{/}
UI_20150317_000606	{memo X}{@st41b}Respawn from the nearest Revival Point{/}
UI_20150317_000607	{memo X}{@st41b}Respawn here (requires %s iCoins) {/}
UI_20150317_000608	{memo X}{@st41b}Return to field{/}
UI_20150317_000609	{memo X}{@st41b}Abandon quest and restart{/}
UI_20150317_000610	{memo X}{@st41b}Try again{/}
UI_20150317_000611	Sanctuary of Resurrection (70031)
UI_20150317_000612	This item is required.
UI_20150317_000613	Rest Quickslot
UI_20150317_000614	{@st43}Dialog box{/}
UI_20150317_000615	Temporary Name
UI_20150317_000616	{memo X}{@st41b} {s18} Your inventory lacks space. 
UI_20150317_000617	{memo X}You cannot obtain the item because your inventory is full{nl}Make sure you have enough space in your inventory.
UI_20150317_000618	{@st44}Item Set acquired!{/}
UI_20150317_000619	Please select an item
UI_20150317_000620	{memo X}{@st59b} shop {nl} {@st59s} - If you want to bulk purchase an item number, then right-click input {nl} - Use the mouse double right-click the item you want to sell quantity {/}
UI_20150317_000621	{@st59}ปิดร้านค้า{/}
UI_20150317_000622	{@st59}First Page{/}
UI_20150317_000623	{@st59}Next Page{/}
UI_20150317_000624	{@st59}Last Page{/}
UI_20150317_000625	{@st41b}คืนค่า{/}
UI_20150317_000626	{@st59}Reset Shopping Cart{/}
UI_20150317_000627	{@st41b}ยืนยัน{/}
UI_20150317_000628	{@st59}Confirm Transaction{/}
UI_20150317_000629	{@st43}ร้านค้า{/}
UI_20150317_000630	{@st41b}ไอเท็มที่ซื้อ{/}
UI_20150317_000631	{@st41b}ไอเท็มที่ขาย{/}
UI_20150317_000632	{memo X}{@st41b}ราคา{/}
UI_20150317_000633	{memo X}{@st41b}จำนวนเงิน{/}
UI_20150317_000634	{memo X}{@st41b}My Sold Items{/}
UI_20150317_000635	{@st41}Empty slots{/}
UI_20150317_000636	{@st43}Total{/}
UI_20150317_000637	{@st41}Settle Transaction{/}
UI_20150317_000638	{@st41}After Transaction{/}
UI_20150317_000639	{@st41}Items purchased{/}
UI_20150317_000640	{memo X}{@sti1c}Simony
UI_20150317_000641	{@st41}Crafting Skills
UI_20150317_000642	{@st42}Level %s{/}
UI_20150317_000643	Crafting costs
UI_20150317_000644	Crafting Qty
UI_20150317_000645	Approximately %s seconds consumed
UI_20150317_000646	{@st41}Create
UI_20150317_000647	{memo X}${@st43}Skills และ Attributes{/}
UI_20150317_000648	{memo X}${@st59}Close Classes และ Skills{/}
UI_20150317_000649	{@st59b}อาชีพ{nl}{@st59s}- ท่านสามารถเรียนสกิลใหม่ได้ด้วยการเปลี่ยนอาชีพในสายอาชีพของท่าน. {nl} - ท่านสามารถเลือก 3 อาชีพที่มีอยู่ในสายอาชีพของท่านจากการเปลี่ยนอาชีพ 1st และ 2nd {nl} - ท่านสามารถเปลี่ยนอาชีพเป็นอาชีพเดิมได้เพียง 3 ครั้ง {nl} - ท่านไม่สามารถเปลี่ยนกลับไปยังอาชีพเดิมของท่านได้ {nl} - ท่านสามารถใช้ skill points ในการอัพสกิล {nl} - ท่านสามารถเลือกอาชีพเดิมได้{nl}{@st59b}สกิล{nl}{@st59s} - ท่านสามารถอัพสกิลได้สูงสุดที่ 5 เลเวล ต่อ 1 ระดับอาชีพเท่านั้น{nl} - Attributes สามารถเรียนได้จาก Masters ของแต่ละอาชีพและสามารถเห็นได้ที่ใต้สกิลของท่าน. {/}
UI_20150317_000650	{memo X}{@st41b}Apply{/}
UI_20150317_000651	{@st59}Apply{/}
UI_20150317_000652	Cleric
UI_20150317_000653	{@st59}ยกเลิก{/}
UI_20150317_000654	Learning {#ff4400}%s (Lv. %s){/}...
UI_20150317_000655	Psychohassle
UI_20150317_000656	%s minutes left
UI_20150317_000657	{@st43}Pose{/}
UI_20150317_000658	{@st59}Close Pose{/}
UI_20150317_000659	{@st41}Board{/}
UI_20150317_000660	{@st41}Trade{/}
UI_20150317_000661	{@st41}Social Functions{/}
UI_20150317_000662	{@st41b}Write{/}
UI_20150317_000663	{@st41}Register{/}
UI_20150317_000664	{@st59}Register post{/}
UI_20150317_000665	{@st41}Start MyPage{/}
UI_20150317_000666	{@st59}Publish MyPage{/}
UI_20150317_000667	{@st59}Write greetings{/}
UI_20150317_000668	{@st41b}1. Menu{/}
UI_20150317_000669	{@st41}Visit{/}
UI_20150317_000670	{@st59}Visit MyPage{/}
UI_20150317_000671	{@st41}Sell{/}
UI_20150317_000672	{@st59}Sell item{/}
UI_20150317_000673	{@st43}Living{/}
UI_20150317_000674	{@st59}Close living{/}
UI_20150317_000675	{@st41}View all{/}
UI_20150317_000676	{@st41}Create Map{/}
UI_20150317_000677	{@st41}%s/min (%s in hand){/}
UI_20150317_000678	Keyboard Warrior
UI_20150317_000679	{@st42}%s{/}{@st42_yellow}Level{/}
UI_20150317_000680	{@st41_yellow}Employment Time
UI_20150317_000681	{@st43}Graffiti{/}
UI_20150317_000682	{@st59}Close Spray{/}
UI_20150317_000683	{@st41b}Tip : Draw a picture in the frame below{/}
UI_20150317_000684	{@st41b}Colors{/}
UI_20150317_000685	{@st41b}Quantity{/}
UI_20150317_000686	{@st41b}Brush{/}
UI_20150317_000687	{@st43}Draw{/}
UI_20150317_000688	{@st59}Draw the completed picture on the ground.{/}
UI_20150317_000689	{@st41b}{a SAVE_EDIT_SPRAY}Save{/}{/}
UI_20150317_000690	{@st59}Save drawings{/}
UI_20150317_000691	{@st41b}{a LOAD_EDIT_SPRAY}Load{/}{/}
UI_20150317_000692	{@st59}Load pictures that you drew.{/}
UI_20150317_000693	{@st59}Selected color 1{/}
UI_20150317_000694	{@st59}Selected color 2{/}
UI_20150317_000695	{@st59}Color List{/}
UI_20150317_000696	{@st59}Selected Brush{/}
UI_20150317_000697	{@st59}Brush 1{/}
UI_20150317_000698	{@st59}Brush 2{/}
UI_20150317_000699	{@st59}Brush 3{/}
UI_20150317_000700	{@st59}Brush 4{/}
UI_20150317_000701	{@st59}Brush 5{/}
UI_20150317_000702	{@st59}Brush 6{/}
UI_20150317_000703	{@st49}People who like this{/}
UI_20150317_000704	{s20}{#050505}Describe whatever
UI_20150317_000705	{@st41} ทั้งหมด {/}
UI_20150317_000706	{@st41} Party {/}
UI_20150317_000707	{@st41} Monster {/}
UI_20150317_000708	{memo X}{@st41b}{#f0dcaa}Remaining Status Points ▶ {@st46}%s
UI_20150317_000709	{@st59b}ข้อมูลตัวละคร{nl}{@st59s}- Status : เมื่อท่านเลเวลอัพ ท่านสามารถอัพสเตตัสได้ด้วย Points ที่ได้มาในแต่ละเลเวล เมื่ออัพ status ใดๆ ครบ 5 ครั้ง ท่านจะได้รับแต้มโบนัสพิเศษเพิ่ม {nl}- ข้อมูล : นี่คือข้อมูลของตัวละครของท่านโดยยึดจากค่า status ปัจจุบันและอุปกรณ์สวมใส่ {nl}- ฉายา : ฉายาสามารถรับได้จากทำเควส ความสำเร็จ ได้ครบตามเงื่อนไข {nl} {/}
UI_20150317_000710	{@st41b}ข้อมูล{/}
UI_20150317_000711	{memo X}{@st41b}ฉายา{/}
UI_20150317_000712	Show Class
UI_20150317_000713	Show Character Name
UI_20150317_000714	{@st59}เปลี่ยนชื่อตัวละคร{/}
UI_20150317_000715	{memo X}{@st41b}Apply
UI_20150317_000716	{@st59}Apply{/}
UI_20150317_000717	{@st41b}ยกเลิก
UI_20150317_000718	{memo X}{@st59}ยกเลิก{/}
UI_20150317_000719	PC Name
UI_20150317_000720	{@st41_yellow}Level: {@st41}%s{/}
UI_20150317_000721	{memo X}{@st41_yellow}Mercenary Skills
UI_20150317_000722	{@st43}Attack Effects{/}
UI_20150317_000723	{@st43}Defense Effects{/}
UI_20150317_000724	{@st43}Stat{/}
UI_20150317_000725	systemmenu_vertical tentative removal
UI_20150317_000726	{@st59}หน้าต่างข้อมูลตัวละคร (F1){/}
UI_20150317_000727	{@st59}กระเป๋า (F2){/}
UI_20150317_000728	{@st59}Skills และ Attributes (F3){/}
UI_20150317_000729	{@st59}บันทึกการผจญภัย (F4){/}
UI_20150317_000730	{@st59}ภารกิจ (F5){/}
UI_20150317_000731	{@st59}ปาร์ตี้ (F6){/}
UI_20150317_000732	{@st59}เพื่อน (F7){/}
UI_20150317_000733	{@st59}มาโคร (F8) {/}
UI_20150317_000734	{@st59}Companion (F9) {/}
UI_20150317_000735	{@st59}ช่วยเหลือ (F10) {/}
UI_20150317_000736	{@st59}เมนู (Esc){/}
UI_20150317_000737	{@st59}Necronomicon{/}
UI_20150317_000738	ช่วยเหลือ(F1)
UI_20150317_000739	Contents
UI_20150317_000740	แสดงรายละเอียด
UI_20150317_000741	{@st43}ตั้งค่าเกม{/}
UI_20150317_000742	{@st43}ตัวเกม{/}
UI_20150317_000743	{memo X}{@st41b}Show acquired EXP{/}
UI_20150317_000744	{memo X}{@st41b}แสดงชื่อตัวละคร{/}
UI_20150317_000745	{memo X}{@st41b}Show Team Name only{/}
UI_20150317_000746	{memo X}{@st41b}Show Quest Guide{/}
UI_20150317_000747	{@st43}ตั้งค่าหน้าจอ{/}
UI_20150317_000748	{@st43}Graphics{/}
UI_20150317_000749	{memo X}{@st41b}Full Screen{/}
UI_20150317_000750	{memo X}{@st41b}Windowed Mode{/}
UI_20150317_000751	{@st43}ระดับเสียง{/}
UI_20150317_000752	{memo X}{@st41b}Sound Effects Volume (%s){/}
UI_20150317_000753	{memo X}{@st41b}BGM Volume (%s){/}
UI_20150317_000754	{memo X}{@st41b}Volume (%s){/}
UI_20150317_000755	{@st43}{b}เลือกภาษา{/}
UI_20150317_000756	{@st59}ปิดหน้าต่างตั้งค่า{/}
UI_20150317_000757	{memo X}Lowest-mode {@st41b} {/}
UI_20150317_000758	{@st41b}View{/}
UI_20150317_000759	{@st59}Credits{/}
UI_20150317_000760	Target buff window
UI_20150317_000761	{@st46}IMC's picture
UI_20150317_000762	{@st46}%s's picture
UI_20150317_000763	{@st46}Like
UI_20150317_000764	{@st46}Report
UI_20150317_000765	{@st46}Use preservatives
UI_20150317_000766	{@st46}Remove Picture
UI_20150317_000767	Snow Hallucination
UI_20150317_000768	Bouquet
UI_20150317_000769	{@st41} Gifts
UI_20150317_000770	Please enter a quantity
UI_20150317_000771	{@st53b}%s Wins %s Loss
UI_20150317_000772	{@st42}Today's Schedule
UI_20150317_000773	{@st53}To Start :
UI_20150317_000774	{@st53b}Gifts received : ×%s
UI_20150317_000775	{@st43b}Send gift to %s{/}
UI_20150317_000776	{@st55_a}Next game
UI_20150317_000777	{@st53}- Click on the name to spectate{nl}- Right-click to send a gift
UI_20150317_000778	My character as camera
UI_20150317_000779	{@st55_a}Congratulations!
UI_20150317_000780	{@st42}Switch Camera
UI_20150317_000781	{@st44}บันทึกการผจญภัย{/}
UI_20150317_000782	{@st59}Change view settings{/}
UI_20150317_000783	{@st41} Statistics {/}
UI_20150317_000784	{@st41}Crafting{/}
UI_20150317_000785	{@st41} Hunt {/}
UI_20150317_000786	{@st41} Help {/}
UI_20150317_000787	{@st44}Wiki page{/}
UI_20150317_000788	{@st42}Information{/}
UI_20150317_000789	{@st42}Details{/}
UI_20150317_000790	{@st42}Combat{/}
UI_20150317_000791	{@st42}Acquire{/}
UI_20150317_000792	{@st59}Close page{/}
UI_20150317_000793	{memo X}{@st43}Battlefield
UI_20150317_000794	{memo X}{@st59}Close Battlefield.
UI_20150317_000795	{memo X}(Bronze 3)
UI_20150317_000796	{@sti8}Points to earn today : {nl}%s{/}
UI_20150317_000797	{@st41}Point Shop
UI_20150317_000798	{@st41}Ranking
UI_20150317_000799	{memo X}{@st42}Battlefield schedule
UI_20150317_000800	{@st42}Recent Records
UI_20150317_000801	{@st41}Receive EXP
UI_20150317_000802	{@st41}PvP Page
UI_20150317_000803	{@st41}Search
UI_20150317_000804	{memo X}{@st43}Battlefield Rankings
UI_20150317_000805	{memo X}{@st59}Close Battlefield rankings
UI_20150317_000806	{@st56}Skill Name{/}
UI_20150317_000807	{@st41}Check coordinates{/}
UI_20150317_000808	{@st41}Find{/}
UI_20150317_000809	{@st42b}Manage monster regen{/}
UI_20150317_000810	{@st42b}รายชื่อมอนสเตอร์{/}
UI_20150317_000811	{@st42b}สร้าง UI{/}
UI_20150317_000812	{@st42b}Map Fog{/}
UI_20150317_000813	{@st42b}สร้างแผนที่{/}
UI_20150317_000814	{@st42b}สร้าง Mini-Map{/}
UI_20150317_000815	{@st42b}Dialog {/}
UI_20150317_000816	{@st42b}Change Quest Rewards{/}
UI_20150317_000817	{@st42b}Group regen{/}
UI_20150317_000818	{@st42b}Set map location{/}
UI_20150317_000819	{@st42b}Skills map{/}
UI_20150317_000820	{@st42b}List of events{/}
UI_20150317_000821	{@st42b}Check coordinates{/}
UI_20150317_000822	{@st42b} Check XAC, texture path{/}
UI_20150317_000823	{@st42b}Performance ON/OFF{/}
UI_20150317_000824	Dialogue list
UI_20150317_000825	Search
UI_20150317_000826	{@st41}Preview{/}
UI_20150317_000827	{@st41}Off{/}
UI_20150317_000828	{@st41}Remove{/}
UI_20150317_000829	{@st41}Save all{/}
UI_20150317_000830	{@st41}Apply picture{/}
UI_20150317_000831	{#FFFFFF}{ds}Select Event
UI_20150317_000832	{#FFFFFF}{ds}Edit Event
UI_20150317_000833	{ol}List
UI_20150317_000834	The name of the group to save
UI_20150317_000835	{@st42}Create New{/}
UI_20150317_000836	{@st41}Group regen{/}
UI_20150317_000837	{@st59}Enter monster name to search{/}
UI_20150317_000838	{@st59}Enter group name to save{/}
UI_20150317_000839	{@st41}New group{/}
UI_20150317_000840	Filtering
UI_20150317_000841	{@st59}Enter filter{/}
UI_20150317_000842	{ol}Property Value
UI_20150317_000843	Class List
UI_20150317_000844	Apply to XML
UI_20150317_000845	{#FFFFFF}{ds}Log
UI_20150317_000846	{#FFFFFF}{ds}View all properties
UI_20150317_000847	Enter search word
UI_20150317_000848	All attribute values
UI_20150317_000849	{ol}Name
UI_20150317_000850	{ol}Value
UI_20150317_000851	Rogue
UI_20150317_000852	{ol}Revision
UI_20150317_000853	{ol}Rogue
UI_20150317_000854	Class list
UI_20150317_000855	XML Conversion
UI_20150317_000856	{ol}Class name
UI_20150317_000857	{ol}Property Name
UI_20150317_000858	{ol}Changed value
UI_20150317_000859	{ol}Apply
UI_20150317_000860	Open Folder
UI_20150317_000861	Check All
UI_20150317_000862	History
UI_20150317_000863	Rollback Value
UI_20150317_000864	{ol}Select item
UI_20150317_000865	Enter the name you want to search
UI_20150317_000866	{@st42}ยืนยัน{/}
UI_20150317_000867	{@st41}Create UI{/}
UI_20150317_000868	{ol}Frame
UI_20150317_000869	{@st41}Frame{/}
UI_20150317_000870	{@st41}Button{/}
UI_20150317_000871	{@st41}Text{/}
UI_20150317_000872	{@st42b}Normal{img btn_close}
UI_20150317_000873	{@st42b}Auction{img btn_close}
UI_20150317_000874	{@st41}Set map location{/}
UI_20150317_000875	{@st41}Rename{/}
UI_20150317_000876	{@st59}Enter the words you want to filter{/}
UI_20150317_000877	{@st41}Create{/}
UI_20150317_000878	{@st56}XML save{/}
UI_20150317_000879	{@st56}Reset{/}
UI_20150317_000880	{@st56}Attribute{/}
UI_20150317_000881	{@st56}Value{/}
UI_20150317_000882	{@st42}Content{/}
UI_20150317_000883	{@st41}Undo{/}
UI_20150317_000884	{@st41}Save all{/}
UI_20150317_000885	{@st41}XML Open{/}
UI_20150317_000886	{@st42b}Fixed Skill : 0{/}
UI_20150317_000887	{@st42b}Fixed skill : %s{/}
UI_20150317_000888	{@st42b}Mouse homing{/}
UI_20150317_000889	{@st42b}Skill name{/}
UI_20150317_000890	{@st41}Monster list{/}
UI_20150317_000891	{@st41}Performance Manager{/}
UI_20150317_000892	{ol}Select Quest
UI_20150317_000893	Enter quest name to search
UI_20150317_000894	{ol}Select map
UI_20150317_000895	Enter map name to search
UI_20150317_000896	{@st42}Current map{/}
UI_20150317_000897	{ol}Map name
UI_20150317_000898	{ol}Coordinates
UI_20150317_000899	{@st41}Change quest rewards{/}
UI_20150317_000900	{@st59}Enter quest to search{/}
UI_20150317_000901	{@st59}Enter the item to search for{/}
UI_20150317_000902	{@st42}EXP
UI_20150317_000903	{ol}Basic rewards
UI_20150317_000904	{ol}Quantity
UI_20150317_000905	{ol}Additional rewards
UI_20150317_000906	{@st45}Frequently used cheats
UI_20150317_000907	{@st41}Skills map{/}
UI_20150317_000908	{@st42}Ability{/}
UI_20150317_000909	{@st42}Warrior{/}
UI_20150317_000910	{@st42}Wizard{/}
UI_20150317_000911	{@st42}Archer{/}
UI_20150317_000912	{@st42}Monk{/}
UI_20150317_000913	{@st42}Sorcerer{/}
UI_20150317_000914	{memo X}{@st41}Skill{/}
UI_20150317_000915	{memo X}{@st59}Xml load{/}
UI_20150317_000916	{memo X}{@st41}Load{/}
UI_20150317_000917	{memo X}{@st59}Save as xml{/}
UI_20150317_000918	{memo X}{@st59}Reset Open Skill map{/}
UI_20150317_000919	{memo X}{@st41}Reset{/}
UI_20150317_000920	{memo X}{@st59}Reset all Skill  maps{/}
UI_20150317_000921	{memo X}{@st41}Reset All{/}
UI_20150317_000922	{memo X}{S18}Remove script
UI_20150317_000923	{memo X}{S18}String argument
UI_20150317_000924	{memo X}{s18}string 1 argument
UI_20150317_000925	{memo X}{s18}string 2 argument
UI_20150317_000926	{memo X}{s18}Max skill level
UI_20150317_000927	{memo X}{@st59}Remove script type box{/}
UI_20150317_000928	{memo X}{@st59}Remove script argument{/}
UI_20150317_000929	{memo X}{@st59}Max skill level{/}
UI_20150317_000930	{memo X}{@st59}Save Property{/}
UI_20150317_000931	{memo X}{@st41}Save Property{/}
UI_20150317_000932	{@st44}UI List{/}
UI_20150317_000933	{ds}Addon List
UI_20150317_000934	{ds}Fixed frame list
UI_20150317_000935	{@st42}UI list{/}
UI_20150317_000936	{@st59}show UI List{/}
UI_20150317_000937	{@st42}Adjust location{/}
UI_20150317_000938	{@st59}Adjust location{/}
UI_20150317_000939	{@st42}Edit Property{/}
UI_20150317_000940	{@st59}Edit property{/}
UI_20150317_000941	{@st42}บันทึก{/}
UI_20150317_000942	{@st59}บันทึก{/}
UI_20150317_000943	{@st44}Edit UI properties{/}
UI_20150317_000944	{@St59}เลือกตัวละคร{/}
UI_20150317_000945	{@St59}เลือก Server{/}
UI_20150317_000946	{@St59}ปรับแต่งเกม{/}
UI_20150317_000947	{@St59}ออกจากเกม{/}
UI_20150317_000948	{@st43}ตั้งค่าบ้านพัก{/}
UI_20150317_000949	{@st59}ปิดการตั้งค่าบ้านพัก{/}
UI_20150317_000950	{memo X}{@St42_b}{s18}{#f5c384}Team Name{/}
UI_20150317_000951	{@st59}ใส่ชื่อ Team {/}
UI_20150317_000952	{memo X}{@st59}Save Team Name{/}
UI_20150317_000953	Provisional Delete
UI_20150317_000954	{@St59}Close Decorate Lodge{/}
UI_20150317_000955	{@St43}Barrack Decorating{/}
UI_20150317_000956	{@St41b}Theme{/}
UI_20150317_000957	{@St41b}Item Arrangement{/}
UI_20150317_000958	{@St41b}Name
UI_20150317_000959	{@St41b}ราคา
UI_20150317_000960	{@St41b}State
UI_20150317_000961	{@St44}New Character{/}
UI_20150317_000962	{@St41b}{s22}เลือก Class ของตัวละคร{/}
UI_20150317_000963	{@St41b}ย้อนกลับ{/}
UI_20150317_000964	{@St59}กลับไปยังบ้านพักโดยไม่สร้างตัวละคร
UI_20150317_000965	Change Character
UI_20150317_000966	{@St41}ตัวละคร{/}
UI_20150317_000967	{@St59}Rotate to clockwise{/}
UI_20150317_000968	{@St59}Rotate to counterclockwise{/}
UI_20150317_000969	{@St43b}Character Rotation{/}
UI_20150317_000970	{@st43}ชื่อตัวละคร{/}
UI_20150317_000971	Enter a name for {@st59} {/}
UI_20150317_000972	{@St43b}Choose Gender{/}
UI_20150317_000973	{@St59}ผู้หญิง{/}
UI_20150317_000974	{@St59}ผู้ชาย{/}
UI_20150317_000975	{@st43b}เลือกทรงผม{/}
UI_20150317_000976	{@st59}ทรงผม 1{/}
UI_20150317_000977	{@st59}ทรงผม 2{/}
UI_20150317_000978	{@St59}ทรงผม 3{/}
UI_20150317_000979	{@st59}ทรงผม 4{/}
UI_20150317_000980	{@st59}ทรงผม 5{/}
UI_20150317_000981	{@st59}ทรงผม 6{/}
UI_20150317_000982	{@st59}ทรงผม 7{/}
UI_20150317_000983	{@st59}ทรงผม 8{/}
UI_20150317_000984	{@st59}ทรงผม 9{/}
UI_20150317_000985	{@st59}ทรงผม 10{/}
UI_20150317_000986	{@St43b}Class Select{/}
UI_20150317_000987	{@st59}Swordsman{/}
UI_20150317_000988	{@st59}Wizard{/}
UI_20150317_000989	{@st59}Archer{/}
UI_20150317_000990	{@st59}Cleric{/}
UI_20150317_000991	{@St41b}Visit Barrack {/}
UI_20150317_000992	{@St59}Visit the Barrack of another player.{/}
UI_20150317_000993	{@St41b}เลือก Server{/}
UI_20150317_000994	{@St59}ไปที่หน้าเลือก Server{/}
UI_20150317_000995	{@St41b}ออกจากเกม{/}
UI_20150317_000996	{@St59}ออกจากเกม Tree of Savior{/}
UI_20150317_000997	{@st41b}เลือก Channel{/}
UI_20150317_000998	{memo X}{@st43}Enter{/}
UI_20150317_000999	{@St59}Start the game with your selected character{/}
UI_20150317_001000	{@St43}{s26}Team Name{/}
UI_20150317_001001	{@st59}Team Name{/}
UI_20150317_001002	{memo X}{@st41b}Change Team Name{/}
UI_20150317_001003	{memo X}{@st59} Change your team name{/}
UI_20150317_001004	{@St41}Companion{/}
UI_20150317_001005	Chat Drag
UI_20150317_001006	{@St44}New Dialog Name{/}
UI_20150317_001007	{@St42}เปลี่ยน{/}
UI_20150317_001008	{@St44}New Window Name{/}
UI_20150317_001009	{@St43}{s40}{gr gradation4}Character Creation{/}
UI_20150317_001010	{@St59}Create a character{/}
UI_20150317_001011	{@St59}ยกเลิกการสร้างตัวละคร{/}
UI_20150317_001012	{@St59}ปิด{/}
UI_20150317_001013	{@St59}ตั้งชื่อ Team{/}
UI_20150317_001014	{@St43}{s30}{#f0dcaa}ใส่ชื่อทีม !
UI_20150317_001015	{memo X}{@St41b}Your Team Name is a name that represents all your characters.{nl}It is the common name used within the game.{nl}               Team Name may be changed later on.{/}
UI_20150317_001016	Loading background
UI_20150317_001017	Tip
UI_20150317_001018	Game Tips
UI_20150317_001019	Login
UI_20150317_001020	Account ID
UI_20150317_001021	{@st59}Enter your Account ID{/}
UI_20150317_001022	Password
UI_20150317_001023	{@St59}Enter your password{/}
UI_20150317_001024	{@St43}เชื่อมต่อ{/}
UI_20150317_001025	{@St59}เชื่อมต่อ Server ที่เลือกไว้{/}
UI_20150317_001026	{@st41b}Replay{/}
UI_20150317_001027	{@st41b}Single Mode{/}
UI_20150317_001028	{@St41b}ออกจากเกม{/}
UI_20150317_001029	Save
UI_20150317_001030	{@St59}If checked, your account will be saved{/}
UI_20150317_001031	Server List
UI_20150317_001032	{@St59}เลือก Server{/}
UI_20150317_001033	Login Title
UI_20150317_001034	[CBT]ทดสอบถึง 25 พฤศจิกายน 2558

UI_20150317_001035	Options
UI_20150317_001036	Sight Range
UI_20150317_001037	{S20}{#BBBBBB}Sight Range
UI_20150317_001038	Sight Range :
UI_20150317_001039	ตัวละคร :
UI_20150317_001040	Background Objects :
UI_20150317_001041	Topography - Grass (%) :
UI_20150317_001042	Topography-Tree (%) :
UI_20150317_001043	Topography-objects(%) :
UI_20150317_001044	Shadow
UI_20150317_001045	{S20}{#BBBBBB}Shadow Maps
UI_20150317_001046	Using Shadow Map
UI_20150317_001047	Shadow Quality :
UI_20150317_001048	SSAO Use
UI_20150317_001049	SSAO Method :
UI_20150317_001050	SSAO Resolution :
UI_20150317_001051	Water Reflection
UI_20150317_001052	{s20}{#BBBBBB}Water Reflection
UI_20150317_001053	Characters Water Reflection
UI_20150317_001054	Background Water Reflection
UI_20150317_001055	{s20}{#BBBBBB}Glow Setup
UI_20150317_001056	Use Glow
UI_20150317_001057	{@st41}พลังโจมตี{/}
UI_20150317_001058	{@St41}พลังป้องกัน{/}
UI_20150317_001059	{@st41}พลังสนับสนุน{/}
UI_20150317_001060	{@st41}ความยากในการเล่น{/}
UI_20150317_001061	{@st41}ทรงผม
UI_20150317_001062	{@st41}หมุนตัวละคร
UI_20150317_001063	{@st43}สร้างตัวละคร
UI_20150317_001064	{@st59}สร้างตัวละคร{/}
UI_20150317_001065	{@st41b}ยกเลิก
UI_20150317_001066	{@st59}ยกเลิกการเลือกตัวละครนี้?{/}
UI_20150317_001067	ข้อมูลตัวละคร
UI_20150317_001068	{@st41}Bring Along
UI_20150317_001069	{@st59}After clicking this, select a character for the Companion to follow you{/}
UI_20150317_001070	UI of Item Creation
UI_20150317_001071	{s24}Name :
UI_20150317_001072	{s16} STR :
UI_20150317_001073	{s16} HP :
UI_20150317_001074	{s16} AGI :
UI_20150317_001075	{s16} VIT :
UI_20150317_001076	{s16} Force :
UI_20150317_001077	{s18} Class Selection
UI_20150317_001078	{s18} Right Way Union
UI_20150317_001079	{s18} Providence Evil Union
UI_20150317_001080	Hong Moo Moon
UI_20150317_001081	Dae Do Cheon
UI_20150317_001082	Fire Swords
UI_20150317_001083	For adenomas hwageuk
UI_20150317_001084	Puncture sex
UI_20150317_001085	Yeonhwagyo
UI_20150317_001086	{S16}Gender and Appearance
UI_20150317_001087	ผู้ชาย
UI_20150317_001088	ผู้หญิง
UI_20150317_001089	Hair Adjustment
UI_20150317_001090	Key Adjustment
UI_20150317_001091	ความกว้างของไหล่
UI_20150317_001092	ขนาดของมือและเท้า
UI_20150317_001093	Chest Size
UI_20150317_001094	Waist Size
UI_20150317_001095	Hip Size
UI_20150317_001096	{S18} Head Size
UI_20150317_001097	{S14} Height Adjustment
UI_20150317_001098	{S14} Shoulder Width
UI_20150317_001099	{S14} Hand and Foot size
UI_20150317_001100	{S14} Chest Size
UI_20150317_001101	{S14} Waist Size
UI_20150317_001102	{S14} Pelvic Size
UI_20150317_001103	Use Pre-set
UI_20150317_001104	Randomize
UI_20150317_001105	สร้างตัวละครใหม่
UI_20150317_001106	ยกเลิกการสร้างตัวละคร
UI_20150317_001107	{@St43}{s40}{gr gradation4}เริ่มเกมส์{/}
UI_20150317_001108	{@St43}{s40}{gr gradation4}สิ้นสุดการดูตัวอย่าง{/}
UI_20150317_001109	{@St43}{s40}{gr gradation4}Return to the Zone{/}
UI_20150317_001110	{@St59}Return to the Zone.{/}
UI_20150317_001111	{@St41b}ย้อนกลับ{/}
UI_20150317_001112	{@St59}Return to My Lodge.{/}
UI_20150317_001113	{@St43}{s24}LodgeName{/}
UI_20150317_001114	{@St59}Lodge Name{/}
UI_20150317_001115	{@st41b}Decorate{/}
UI_20150317_001116	{@St59}Decorate Lodge{/}
UI_20150317_001117	{@St41b}Setup{/}
UI_20150317_001118	{@St59}Barrack Settings{/}
UI_20150317_001119	Customized Item frame
UI_20150317_001120	Green
UI_20150317_001121	Density
UI_20150317_001122	Like HP
UI_20150317_001123	{@st59}Hair Accessories{/}
UI_20150317_001124	{@st59}Subsidiary Accessories{/}
UI_20150317_001125	{@St42}Text{/}
UI_20150317_001126	Basic content name
UI_20150317_001127	Basic group name
UI_20150317_001128	Basic item name
UI_20150317_001129	Mr Kim
UI_20150317_001130	น้ำหนัก : %s
UI_20150317_001131	N/A
UI_20150317_001132	%S race
UI_20150317_001133	N/A
UI_20150317_001134	แลกเปลี่ยนไม่ได้
UI_20150317_001135	Unenhancable
UI_20150317_001136	N/A
UI_20150317_001137	ชื่อไอเท็ม
UI_20150317_001138	N/A
UI_20150317_001139	เลเวล และ มากกว่า
UI_20150317_001140	ทุกคนสามารถใส่ได้
UI_20150317_001141	{memo X}สามารถเจาะรูได้สูงสุด : ×%s ช่อง
UI_20150317_001142	Item Name
UI_20150317_001143	ราคาขายร้านค้า : %s silver
UI_20150317_001144	เท่าไหร่
UI_20150317_001145	{@St42b}Full Exploration Rate of Siauliai{/}
UI_20150317_001146	{@St42b}West Forest Area Explored{/}
UI_20150317_001147	{@St18}ไอเท็ม{/}
UI_20150317_001148	{@St18}อันดับของฉัน{/}
UI_20150317_001149	Diamond
UI_20150317_001150	Stamina +9.000
UI_20150317_001151	{@St18}Average{/}
UI_20150317_001152	{@St42b}{s18}Workmanship{/}
UI_20150317_001153	{@St55_c}ชื่อไอเท็ม
UI_20150317_001154	{@St55_c}Memo Records
UI_20150317_001155	{@St59}Enter a name. If you do not enter a name, the default name will be used.{/}
UI_20150317_001156	{@St59}Enter a memo{/}
UI_20150317_001157	{@St43}Produce items
UI_20150317_001158	{memo X}{@st42b}%s points {/}
UI_20150317_001159	{memo X}{@st42b}%s dog {/}
UI_20150317_001160	{memo X}{@st42b}%s points {/}
UI_20150317_001161	{memo X}{@st42b}%s dog {/}
UI_20150317_001162	{S16}{ol}per price
UI_20150317_001163	ราคารวม : 1
UI_20150317_001164	{memo X}{@St41}Help
UI_20150317_001165	{memo X}{@St41}Photo Description
UI_20150317_001166	{@St41}Registration
UI_20150317_001167	{@St41}Name
UI_20150317_001168	{@St41}Message
UI_20150317_001169	{@St43}Name{/}
UI_20150317_001170	{@St41b}ข้อความ{/}
UI_20150317_001171	{@St42b}Login{/}
UI_20150317_001172	{@St41}Create a new conversation
UI_20150317_001173	{@St41}Full Conversation
UI_20150317_001174	Region Name
UI_20150317_001175	{@St41}Skill Names
UI_20150317_001176	{@St41}Attribute Points
UI_20150317_001177	{@St41}Class Name
UI_20150317_001178	ชื่อตัวละคร
UI_20150317_001179	{@Sti7}Delete{/}
UI_20150317_001180	Character Level
UI_20150317_001181	{@St42}Quest Sharing{/}
UI_20150317_001182	{@St42}EXP Sharing{/}
UI_20150317_001183	Character Memo
UI_20150317_001184	{memo X}Average Party Level : {#FFFF00}%s{/}
UI_20150317_001185	{memo X}Searching For : {#FFFF00}%s{/}
UI_20150317_001186	{memo X}Cleric / Archer
UI_20150317_001187	{memo X}Quest Sharing : {#FFFF00}%s{/}
UI_20150317_001188	{memo X}N/A
UI_20150317_001189	{memo X}EXP Priority : {#FFFF00}%s{/}
UI_20150317_001190	{memo X}Equally
UI_20150317_001191	{memo X}Item Priority : {#FFFF00}%s{/}
UI_20150317_001192	{memo X}Randomly
UI_20150317_001193	How do I
UI_20150317_001194	You don't see who it is
UI_20150317_001195	{@st41b}อัพเดทบันทึกการผจญภัยแล้ว
UI_20150317_001196	Menu Objects for Quest
UI_20150317_001197	Categories of Quest
UI_20150317_001198	List Objects of Quest
UI_20150317_001199	N/A
UI_20150317_001200	Line used on the roadmap
UI_20150317_001201	Slot Object_Standard
UI_20150317_001202	Slot Object_Cash Slot
UI_20150317_001203	Character Details Type 1
UI_20150317_001204	Character Details Type 2
UI_20150317_001205	Inventory List Type 1
UI_20150317_001206	Inventory List Type 2
UI_20150317_001207	Inventory Slot Type
UI_20150317_001208	View item details on the Market
UI_20150317_001209	Output of Item Name
UI_20150317_001210	Output of the number of remaining
UI_20150317_001211	Output of Value
UI_20150317_001212	When you add it to cart
UI_20150317_001213	Output of total value
UI_20150317_001214	For item output
UI_20150317_001215	Output of unit price
UI_20150317_001216	Item category
UI_20150317_001217	News
UI_20150317_001218	{@St42b}Restart{/}
UI_20150317_001219	Peltang Stang
UI_20150317_001220	99 Circle
UI_20150317_001221	Defeat 8 Mad Vubbe
UI_20150317_001222	Tooltip
UI_20150317_001223	EXP: sad{br}+1 Enchantment Crystal (Attack)
UI_20150317_001224	Apprentice Sword
UI_20150317_001225	ความทนทาน  :
UI_20150317_001226	ค่าซ่อมไอเท็ม : 120 silver
UI_20150317_001227	ค่าซ่อมไอเท็ม : %s silver
UI_20150317_001228	{@st42b}Bids Count {@sti7}%s{/}
UI_20150317_001229	{@st42b}ราคาปัจจุบัน {img icon_item_silver 20 20}{@st57}%s{/}
UI_20150317_001230	{@St41}Buy immediately! {Img icon_item_silver 20 20}{@st57}%s{/}
UI_20150317_001231	{@St41b}Receive items{/}
UI_20150317_001232	{@st42b} Bidding Price {img icon_item_silver 20 20}{@st57}%s{/}
UI_20150317_001233	{@Sti7}ย้อนกลับ
UI_20150317_001234	{@St59}หัว{/}
UI_20150317_001235	{@St59}กำไลข้อมือซ้าย{/}
UI_20150317_001236	{@St59}กำไลข้อมือขวา{/}
UI_20150317_001237	{@St59}คอสตูม{/}
UI_20150317_001238	{@st59}แหวน2{/}
UI_20150317_001239	Pet Name
UI_20150317_001240	Chandler bundle
UI_20150317_001241	West forest etc...
UI_20150317_001242	{memo X}Consume iCoins
UI_20150317_001243	Category Name
UI_20150317_001244	This is a Help
UI_20150317_001245	{@Sti7}%s Points{/}
UI_20150317_001246	{@st41b}%s Score
UI_20150317_001247	Clear Quest 25
UI_20150317_001248	[Sub]Thron Forest
UI_20150317_001249	{@St42}Equipped Item
UI_20150317_001250	{@St44}Rank %s Class Information{/}
UI_20150317_001251	Advancement Alarm
UI_20150317_001252	Like Heart
UI_20150317_001253	N/A
UI_20150317_001254	Level %s
UI_20150317_001255	{memo X}Memo : {#666666}%s
UI_20150317_001256	Ayase
UI_20150317_001257	Relationship with the %s
UI_20150317_001258	{#FFFF33}%s{/} ต้องการจะเป็นเพื่อนกับท่าน{/}
UI_20150317_001259	{@St41b}ยอมรับ
UI_20150317_001260	{memo X}{@St41b}Decline
UI_20150317_001261	{@St53b}Loading your friends list.
UI_20150317_001262	Level %s{/}
UI_20150317_001263	{@st41} ยกเลิก
UI_20150317_001264	Please add the buff to sell.
UI_20150317_001265	ราคา : %s{/}
UI_20150317_001266	จำนวนที่เหลือ
UI_20150317_001267	{@St41}ซื้อ
UI_20150317_001268	จำนวนที่เหลือ : %s {/}
UI_20150317_001269	{@St41}Item{/}
UI_20150317_001270	{@St41b} Memo
UI_20150317_001271	{@St41b}Craft
UI_20150317_001272	{memo X}{@St41b}ราคา : %s{/}
UI_20150317_001273	{@Sti5}ราคา : %s{/}
UI_20150317_001274	{@Sti9} เควส Party (%s){/}
UI_20150317_001275	{@st41_yellow} Exploration Rate %s% {/}
UI_20150317_001276	{@st41_yellow} Score %s {/}
UI_20150317_001277	{@st42b}{b}Achievement Rate{/}
UI_20150317_001278	{@st59}Join Party Quest{/}
UI_20150317_001279	Windows
UI_20150317_001280	Status
UI_20150317_001281	Tab
UI_20150317_001282	Image Item
UI_20150317_001283	Effect
UI_20150317_001284	Control Set
UI_20150317_001285	{@St41}Difficulty : %s
UI_20150317_001286	{@St42}Remaining Time : %s
UI_20150317_001287	{@St53}Item Crafting
UI_20150323_001288	{@st59}Place your item here{/}
UI_20150323_001289	{@st42}ยกเลิก
UI_20150323_001290	{@st42}ยืนยัน
UI_20150323_001291	{@st43}Briquetting{/}
UI_20150323_001292	Current Potential
UI_20150323_001293	Consumable Material
UI_20150323_001294	Consume Quantity
UI_20150323_001295	Quantity Available
UI_20150323_001296	{memo X}{@sti6}Transaction Record
UI_20150323_001297	{memo X}{@st43}Base Camp
UI_20150323_001298	Signboard Title
UI_20150323_001299	{memo X}{@st43}Build
UI_20150323_001300	{memo X}{@stc1}Base Camp Lasting Time
UI_20150323_001301	{@stc1}Effect
UI_20150323_001302	{@stc1}Materials and Price
UI_20150323_001303	{memo X}{@st41b}Base Camp
UI_20150323_001304	{memo X}{@st41b}Log
UI_20150323_001305	{@st41b}Renew
UI_20150323_001306	{@st59}Renews the lasting time.{/}
UI_20150323_001307	{memo X}{@st41b}Base Camp Lasting Time
UI_20150323_001308	{@st41b}Effect
UI_20150323_001309	{memo X}{@st42b}A base camp lasts for an additional 24 hours when renewed. Consumes %s silver.
UI_20150323_001310	{memo X}{@st41b}Personal Storage
UI_20150323_001311	{memo X}{@stc1}Storing and taking items in and from storage costs %s silver.{/}
UI_20150323_001312	{memo X}{@st41}{#ffff00}Lock Target{/}
UI_20150323_001313	{@st43}Refreshment Table
UI_20150323_001314	{memo X}{@st41b}Food type
UI_20150323_001315	{memo X}{@st41b}Table
UI_20150323_001316	{@st59}ปิด{/}
UI_20150323_001317	{@st43}Grimoire{/}
UI_20150323_001318	{@st59}Close the Grimoire UI{/}
UI_20150323_001319	{memo X}My Summon Skill
UI_20150323_001320	Main Card
UI_20150323_001321	Secondary Card
UI_20150323_001322	{memo X}Stat
UI_20150323_001323	{memo X}CON
UI_20150323_001324	{memo X}INT
UI_20150323_001325	{memo X}DEX
UI_20150323_001326	{memo X}CRT
UI_20150323_001327	{memo X}{@st43}Set up Shop{/}
UI_20150323_001328	{@st41b}ตั้งค่า
UI_20150323_001329	ราคาต่อหน่วย
UI_20150323_001330	{@st41b}Material List
UI_20150323_001331	{memo X}{@st43}Gem Roasting{/}
UI_20150323_001332	{@st59}Close UI{/}
UI_20150323_001333	{@st41b}ซ่อมแซม{/}
UI_20150323_001334	{memo X}{@st41b}Log{/}
UI_20150323_001335	{memo X}Price to receive
UI_20150323_001336	{@st59}Place a gem{/}
UI_20150323_001337	Consumable Material
UI_20150323_001338	จำนวนที่เหลือ
UI_20150323_001339	{@st42}Close
UI_20150323_001340	{@st43}Weapon Maintenance{/}
UI_20150323_001341	{@st43}Equipment Maintenance{/}
UI_20150323_001342	{memo X}{@st41b}Price to receive
UI_20150323_001343	{@st41b}Materials
UI_20150323_001344	{@st43}ซ่อมแซม{/}
UI_20150323_001345	{@st41b}ซ่อมแซม{/}
UI_20150323_001346	Skill Level
UI_20150323_001347	{@st41}No. of players to enter
UI_20150323_001348	{@st43}Item upgrade dungeon
UI_20150323_001349	{@st41}Materials Required
UI_20150323_001350	{@st59}Materials Required{/}
UI_20150323_001351	Recommended Level  : %s
UI_20150323_001352	{memo X}{@st43}UI Select Mode{/}
UI_20150323_001353	{@st43}ตั้งร้านซื้อไอเท็ม
UI_20150323_001354	ชื่อร้านค้า
UI_20150323_001355	{@st41b}เปิดร้าน
UI_20150323_001356	{@st59}เริ่มตั้งร้านซื้อไอเท็ม{/}
UI_20150323_001357	{@st59}ยกเลิก{/}
UI_20150323_001358	{@st59}ปิดร้านซื้อไอเท็ม{/}
UI_20150323_001359	ไอเท็มที่ต้องการ
UI_20150323_001360	{memo X}{@st59}ปิดร้านซื้อไอเท็ม
UI_20150323_001361	{memo X}{@st59}Buy-in Shop{nl} - Trade your items for silver
UI_20150323_001362	{memo X}{@st43}Items the buyer wants{/}
UI_20150323_001363	{memo X}{@st43}Items for sale
UI_20150323_001364	{memo X}{@st43}Total Profit
UI_20150323_001365	{memo X}{@st41}Sell
UI_20150323_001366	{@st41}Alchemy Materials
UI_20150323_001367	{@st41}Alchemy Result {@stx1}(%s required){/}
UI_20150323_001368	{@st59}Summon Pet{/}
UI_20150323_001369	{@st41b}ตัวละคร{/}
UI_20150323_001370	{@st59}Grimoire{/}
UI_20150323_001371	{memo X}{@st41b}Apply Bloom{/}
UI_20150323_001372	{memo X}{@st41b}Apply Vignette{/}
UI_20150323_001373	{memo X}{@st41b}Apply FXAA{/}
UI_20150323_001374	{memo X}{@st41b}Apply GLOW{/}
UI_20150323_001375	{memo X}{@st41b}Apply Depth {/}
UI_20150323_001376	{memo X}{@st41b}Apply SoftParticle{/}
UI_20150323_001377	{@st43}คลังส่วนตัว{/}
UI_20150323_001378	{memo X}{@st59}ปิดคลังส่วนตัว{/}
UI_20150323_001379	{memo X}{@sti6}Storing and taking items from storage costs %s silver...{/}
UI_20150323_001380	{memo X}{@st59}Alt+Z เพื่อเปลี่ยนอาวุธ{/}
UI_20150323_001381	{@st59}Save Lodge Settings{/}
UI_20150323_001382	เปลี่ยนบ้านพัก
UI_20150323_001383	{@st59}ปิดหน้าต่างบ้านพัก
UI_20150323_001384	{memo X}{@st59}Change Lodge{nl} - Change the map and expand the number of available characters by changing your Lodge. 
UI_20150323_001385	{memo X}{@st41}Cancel Preview
UI_20150323_001386	{memo X}{@st46}My iCoins : %s{/}
UI_20150323_001387	{memo X}{@st41b}Change Lodge{/}
UI_20150323_001388	{@st59}Decorate Lodge{/}
UI_20150323_001389	{memo X}{@st41b}Lodge Settings{/}
UI_20150323_001390	{@st59}Change Lodge Settings{/}
UI_20150323_001391	{memo X}{@st45ty}Character Greeting{/}
UI_20150323_001392	{memo X}{@st45ty}ร้านซื้อไอเท็ม
UI_20150323_001393	{@st41b}เปลี่ยน
UI_20150323_001394	{@st59}Change Character Greeting{/}
UI_20150323_001395	{@st59}ตั้งค่าร้านซื้อไอเท็ม{/}
UI_20150323_001396	Purchase Quantity : %s{/}
UI_20150323_001397	ค้นหาชื่อไอเท็มเพื่อซื้อ
UI_20150323_001398	จำนวน
UI_20150323_001399	ราคาต่อหน่วย
UI_20150323_001400	{memo X}{@sti5}×%s{/}
UI_20150323_001401	{@st41}Eat
UI_20150323_001402	{@st41}Craft
UI_20150323_001403	{memo X}{@st41}Quantity
UI_20150323_001404	{memo X}{@st41}Consumable Material
UI_20150401_001405	{@st59}Close Briquetting{/}
UI_20150401_001406	{memo X}{@st41}Remove Base Camp
UI_20150401_001407	{@st43}[Circle %s]{/}
UI_20150401_001408	{@st43}Skill{/}
UI_20150401_001409	{@st43}Class Tip{/}
UI_20150401_001410	Class Tip
UI_20150401_001411	{memo X}{@st42}{#ffff00}Lock Target {/}
UI_20150401_001412	{memo X}{@st41}Remove Table
UI_20150401_001413	{@st43}Tincturing{/}
UI_20150401_001414	Joystick Quick Slot
UI_20150401_001415	{memo X}{@st42}{#ffff00}Keyboard Mode{/}
UI_20150401_001416	{@st43}Open Offering Box
UI_20150401_001417	{@st41b}Open
UI_20150401_001418	{@st41b}Offering Box
UI_20150401_001419	{@st41}Offering Box Name
UI_20150401_001420	Payment
UI_20150401_001421	Estimated Profit
UI_20150401_001422	เงิน
UI_20150401_001423	{memo X}{@st45tw}Offering Box Item Details
UI_20150401_001424	{@st41}Sell All
UI_20150401_001425	{@st43}Offering Box
UI_20150401_001426	Offer
UI_20150401_001427	Settle Transaction
UI_20150401_001428	Estimated Balance
UI_20150401_001429	{@st45tw}Offering Box
UI_20150401_001430	{memo X}{@st41}Empty
UI_20150401_001431	{@st43}Current zone user list{/}
UI_20150401_001432	{@st59}Close GM UI list{/}
UI_20150401_001433	{memo X}{@st41}Party Description :
UI_20150401_001434	{s20}Amount of Poison {s28}{b}{#ff6600}%s
UI_20150401_001435	Materials for Poison
UI_20150401_001436	{@st41b}เลือกทั้งหมด{/}
UI_20150401_001437	{@st59}Unselect all by clicking again{/}
UI_20150401_001438	{@st41b}Craft{/}
UI_20150401_001439	{memo X}{@st59}Mix mix turn and mix{/}
UI_20150401_001440	{@st41b}ความสำเร็จ{/}
UI_20150401_001441	สีผมตัวละคร
UI_20150401_001442	ฉายาที่สามารถใช้งานได้
UI_20150401_001443	{memo X}{@st41b}Joystick UI mode{/}
UI_20150401_001444	{memo X}{@st41}{#ffffcc}ชื่อ
UI_20150401_001445	{memo X}{@st41}{#ffffcc}ราคา
UI_20150401_001446	{memo X}{@st41}{#ffffcc}สถานะ
UI_20150401_001447	{memo X}{@st41b}Cancel Preview
UI_20150401_001448	{memo X}{@st41}{#ffff00}My iCoins : %s{/}
UI_20150401_001449	สวมใส่แล้ว
UI_20150401_001450	{memo X}คำอธิบาย : {#FFFF00}%s{/}
UI_20150401_001451	{memo X}Average Level : {#FFFF00}%s{/}
UI_20150401_001452	{memo X}เงื่อนไข
UI_20150401_001453	หัวข้อ %s
UI_20150401_001454	รางวัล %s
UI_20150401_001455	{memo X}{@st42}Amount
UI_20150406_001456	{@st43}Base Camp
UI_20150406_001457	{@st42}Construct
UI_20150406_001458	{@st42}ยกเลิก
UI_20150406_001459	{memo X}{@stc1}Camp Duration
UI_20150406_001460	{@st41b}Base Camp
UI_20150406_001461	{memo X}{@st41b}Camp Duration
UI_20150406_001462	{memo X}{@st42b}A base camp lasts for an additional 24 hours when renewed. {nl}%s silver is consumed.
UI_20150406_001463	{memo X}{@st41}Remove Camp
UI_20150406_001464	{memo X}{@st42}Remove Table
UI_20150406_001465	{@st59b}Grimoire{nl}{@st59s} - Place a card on the deck to start summoning{/}
UI_20150406_001466	{memo X}{@st41}My Summon Skill
UI_20150406_001467	{memo X}{@st41}Stat
UI_20150406_001468	{@st41b}Offering Box Name
UI_20150406_001469	{@st41b}Offering Box Details
UI_20150406_001470	{@st59}ปิดร้านซื้อไอเท็ม
UI_20150406_001471	{@st59b}Buy-in Shop{nl}{@st59s} - Trade items for silver
UI_20150406_001472	{@st41b}ผู้เล่นคนอื่นต้องการไอเท็มดังนี้{/}
UI_20150406_001473	{@st41b}ไอเท็มที่มีอยู่{/}
UI_20150406_001474	{@st41b}ราคาขายทั้งหมด
UI_20150406_001475	{@st41b}ขาย
UI_20150406_001476	{@st59}Sell the item(s) you've added.{/}
UI_20150406_001477	{@st59}Close Personal Storage{/}
UI_20150406_001478	{memo X}{@st41b} %s silver is consumed when storing and taking items from storage.{/}
UI_20150406_001479	{@st41b}Quantity
UI_20150414_001480	{memo X}{@st42b}The duration of your camp can be increased.{nl} Cost: %s silver.
UI_20150414_001481	{memo X}{@st41b}Type {@sti7}%s{/}
UI_20150414_001482	{memo X}{@st41b}Control Difficulty {@sti7}%s{/}
UI_20150414_001483	{@st59b} Item {/}
UI_20150414_001484	{@st59b} Monster {/}
UI_20150414_001485	{@st59b} Move Map {/}
UI_20150414_001486	{@st59b} Battle Command {/}
UI_20150414_001487	{s26}{b}
UI_20150414_001488	{s26}{b}Level
UI_20150414_001489	{@st44}{s26}Level
UI_20150414_001490	{@st59b}{s26}ea
UI_20150414_001491	{@st41b}Cooking
UI_20150414_001492	{@st41b}Food
UI_20150414_001493	{memo X}{@st42}Remove Refreshment Table
UI_20150414_001494	{@st41b}Records{/}
UI_20150414_001495	{memo X}{@st41}Party Description
UI_20150414_001496	{memo X}{@st41b}Enter{/}
UI_20150414_001497	Roasting Level %s
UI_20150428_001498	{@st43}ร้านซื้อไอเท็ม{/}
UI_20150428_001499	{@st41b}ปิด
UI_20150428_001500	{@st41b}Bug Report
UI_20150428_001501	{@st59}Notify us about bugs and issues{/}
UI_20150428_001502	When you report a bug, your gameplay up to that point will be sent to our server.{nl}The replay file will be of much help in resolving the bug. Do you want to send it?
UI_20150428_001503	{@st41b}Bug description :{/}
UI_20150428_001504	{@st41b}Entering a description is not mandatory, but it will help us a lot in analyzing the bug.
UI_20150428_001505	{@st41b}Send
UI_20150428_001506	{@st42}{s14}{#ffff00}ล๊อคเป้าหมาย{/}
UI_20150428_001507	{@st59}ล๊อคเป้าหมายจนกว่าคุณจะพ้นระยะหรือเส้นทาง
UI_20150428_001508	พบปาร์ตี้!
UI_20150428_001509	Joystick Rest Quickslot
UI_20150428_001510	{@st41b}โหมดพักผ่อน
UI_20150428_001511	ฝึกสอนการใช้ Joypad
UI_20150428_001512	{memo X}{@st59}Close Joypad Tutorial(M){/}
UI_20150428_001513	Keyboard Tutorial
UI_20150428_001514	{@st44}เลือกเซิพเวอร์{/}
UI_20150428_001515	{memo X}{@st41b}Leave Helper(Requires %s iCoin){/}
UI_20150428_001516	{memo X}Socket Addition Cost : {#ff9933}%s{/}{nl}Gem Removal Cost : {#ff9933}%s{/}
UI_20150428_001517	{memo X}{@st41b}Remove Gem
UI_20150428_001518	{@st42}{s14}{#ffff00}UI Mode{/}
UI_20150428_001519	{@st59}Use keyboard or joypad to control UI
UI_20150428_001520	{memo X}Use Search Party 
UI_20150428_001521	{memo X}When a character matching your party conditions is found {nl}[Party match found!] notice will be shown.
UI_20150428_001522	{memo X}{@st41}Play Style{/}
UI_20150428_001523	ทำเควส
UI_20150428_001524	ล่ามอนสเตอร์
UI_20150428_001525	กิจกรรม
UI_20150428_001526	{memo X}{@st41}ความต่าง Level{/}
UI_20150428_001527	{memo X}Not related
UI_20150428_001528	{memo X}{@st41}Desired Class Type{/}
UI_20150428_001529	{@st41b}ออกจากปาร์ตี้
UI_20150428_001530	{memo X}{@st59}Search by party description{/}
UI_20150428_001531	{s18}{ol}{gr gradation1}Helper Rules{/}
UI_20150428_001532	{@st59}Proceed crafting{/}
UI_20150428_001533	{memo X}{@st45ty}Hairstyle Color
UI_20150428_001534	{memo X}{@st45ty}Available Title
UI_20150428_001535	{@st41_yellow}Helper Skill
UI_20150428_001536	{memo X}{@st41b}Show other character names{/}
UI_20150428_001537	{@st43}การแสดงผล UI{/}
UI_20150428_001538	{memo X}{@st41b}Auto{/}
UI_20150428_001539	{memo X}{@st41b}Joypad{/}
UI_20150428_001540	{memo X}{@st41b}Keyboard{/}
UI_20150428_001541	{memo X}Joypad
UI_20150428_001542	{@st59}Joypad Info{/}
UI_20150428_001543	{memo X}Keyboard
UI_20150428_001544	{@st59}Keyboard Info{/}
UI_20150428_001545	{@st43}ตั้งค่ากราฟฟิค{/}
UI_20150428_001546	{@st43}คุณภาพ{/}
UI_20150428_001547	{memo X}{@st41b}Low-spec Mode{/}
UI_20150428_001548	{memo X}{@st41b}Auto Adjustment{/}
UI_20150428_001549	{memo X}{@st41b}Don't use{/}
UI_20150428_001550	คำถามที่พบบ่อย
UI_20150428_001551	จำนวนผู้เล่น : (%s/%s)
UI_20150428_001552	At least Lv. 100 : (%s/%s)
UI_20150511_001553	{memo X}{@st41}Link Party Invite
UI_20150714_001554	{@st66b}Items Sold : ×%s / Items Unsold : ×%s{/}
UI_20150714_001555	{@st41b}Trade Log
UI_20150714_001556	{@st41b}Remove Base Camp
UI_20150714_001557	Card Battles
UI_20150714_001558	{@st64}%s Win(s) {/}
UI_20150714_001559	Select Card
UI_20150714_001560	Adventure Index:{#ffff00} %s{/} ({#ffff00}ranked #%s{/})
UI_20150714_001561	{@st66b}Like!
UI_20150714_001562	{memo X}I like this character {#ffff00}%s{/}
UI_20150714_001563	{@st41b}Remove Refreshment Table
UI_20150714_001564	{memo X}{@st42}My Summon Skill
UI_20150714_001565	{@st42}Stat
UI_20150714_001566	{memo X}{@st42}Current Location : %s{/}
UI_20150714_001567	{@st59b}อุปกรณ์สวมใส่ {nl}{@st59s} - ทรงผม/คอสตูม : สวมใส่เพื่อปรับเปลี่ยนรูปร่างตัวละคร {nl} - อาวุธ : one-handed หรือ two-handed weapons {nl} (อาวุธรอง/โล่ สามารถสวมใส่ได้เป็น one-handed weapon) {nl} - เสื้อเกราะ : Top, Pants, Gloves, Shoes. {nl} - เครื่องประดับ : 1 Necklace และ 2 Bracelet. {nl} {/}
UI_20150714_001568	{@st43}Open %s Shop {/}
UI_20150714_001569	{@st41b}Roasting{/}
UI_20150714_001570	{@st66}เลือกทั้งหมด
UI_20150714_001571	{@st43}Craft Arrow{/}
UI_20150714_001572	{@st59}Close UI{/}
UI_20150714_001573	{@st66b}Check{/}
UI_20150714_001574	{@st66b}Leave Helper(Requires %s iCoin){/}
UI_20150714_001575	Extra Socket Price : {#000000}%s{/} {nl}Gem Extract Price : {#000000}%s{/}
UI_20150714_001576	{ds}Level ที่แนะนำ : %s
UI_20150714_001577	Explored : 50.0%
UI_20150714_001578	{@st45tw}[สำรวจแผนที่ทั้งหมด %s%]{/}
UI_20150714_001579	>> แสดงรายละเอียด ...
UI_20150714_001580	%s (Rank %s)
UI_20150714_001581	Job Name
UI_20150714_001582	{@st41b}เชิญ
UI_20150714_001583	{@st41}ถ้าท่านต้องการที่จะใช้งาน joypad หรือ mouse ในการควบคุมตัวละครของท่าน , ท่านสามารถเลือกตั้งค่าการใช้งานได้จากเมนู 'ปรับแต่งเกม' ใน เมนูระบบ (system menu){nl}
UI_20150714_001584	{memo X}When you meet a character matching your party conditions, {nl}[Party match found!] notice will be shown.{nl}You will also be recommended to other parties.
UI_20150714_001585	{memo X}{@st42}Play Style{/}
UI_20150714_001586	{@st42}ความต่าง Level{/}
UI_20150714_001587	ทุกอาชีพ
UI_20150714_001588	{memo X}{@st42}Class Type{/}
UI_20150714_001589	{memo X}{@st42}ชื่อปาร์ตี้ : %s{/}
UI_20150714_001590	{memo X}{@st42}คำอธิบาย{/}
UI_20150714_001591	{memo X}{@st42}Enter{/}
UI_20150714_001592	{@st42}การแบ่งปัน Item
UI_20150714_001593	{@st42}การแบ่งปัน EXP
UI_20150714_001594	ตามบุคคล
UI_20150714_001595	เท่ากัน
UI_20150714_001596	ตาม Level
UI_20150714_001597	{@st42}การแบ่งปัน Quest
UI_20150714_001598	ปิด
UI_20150714_001599	{@st42}ปาร์ตี้สาธารณะ{/}
UI_20150714_001600	{memo X}Level
UI_20150714_001601	{@st42}เปิด 'แนะนำปาร์ตี้'{/}
UI_20150714_001602	โดยระยะทาง
UI_20150714_001603	โดย Class
UI_20150714_001604	โดย Level
UI_20150714_001605	โดย Quest
UI_20150714_001606	โดยความใกล้
UI_20150714_001607	{memo X}{@st42}Share Party Invite Link
UI_20150714_001608	>>Party Preview...
UI_20150714_001609	ชื่อปาร์ตี้ : %s
UI_20150714_001610	รานละเอียดปาร์ตี้: %s
UI_20150714_001611	Organization Time : %s ago
UI_20150714_001612	จำนวนสมาชิกปาร์ตี้ : %s/5
UI_20150714_001613	เช้าร่วม
UI_20150714_001614	{@st59}ค้าหาด้วยชื่อปาร์ตี้หรือรายละเอียด{/}
UI_20150714_001615	Simple Help Details
UI_20150714_001616	{@st43}กล่องข้อความ
UI_20150714_001617	{@st41b}ทั้งหมด
UI_20150714_001618	{@st41b}ยังไม่ได้อ่าน
UI_20150714_001619	{memo X}{@st43}{s22}Choose a character to receive the items.{/}
UI_20150714_001620	{@st41b}เสริมพลัง
UI_20150714_001621	{@st66}ไอเท็มที่ต้องการจะซ่อมแซม
UI_20150714_001622	{@st43}Simoni
UI_20150714_001623	{@st59}Increase skills{/}
UI_20150714_001624	{@st59}ปิดหน้าต่าง Skills และ Attributes{/}
UI_20150714_001625	{@st43}Skills และ Attributes{/}
UI_20150714_001626	Remaining Status Points {nl}{@st46}%s
UI_20150714_001627	Likes Received : %s
UI_20150714_001628	{memo X}{@st66b}Show EXP acquired{/}
UI_20150714_001629	{@st66b}แสดงชื่อตัวละคร{/}
UI_20150714_001630	{@st66b}แสดงชื่อทีมเท่านั้น{/}
UI_20150714_001631	{@st66b}แสดงชื่อผู้เล่นอื่น{/}
UI_20150714_001632	{@st66b}อัตโนมัติ{/}
UI_20150714_001633	{@st66b}Joypad{/}
UI_20150714_001634	{@st66b}Keyboard{/}
UI_20150714_001635	{@st66b}Mouse
UI_20150714_001636	{@st66b}ภาพเต็มจอ{/}
UI_20150714_001637	{@st66b}Windowed Mode{/}
UI_20150714_001638	{@st66b}ระดับเสียง Effects (%s){/}
UI_20150714_001639	{@st66b}ระดับเสียงเพลง (%s){/}
UI_20150714_001640	{@st66b}ระดับเสียง (%s){/}
UI_20150714_001641	{@st66b}คุณภาพต่ำ{/}
UI_20150714_001642	{@st66b}อัตโนมัติ{/}
UI_20150714_001643	{@st66b}ปิดการใช้งาน{/}
UI_20150714_001644	{@st66b}เปิด Bloom{/}
UI_20150714_001645	{@st66b}เปิด Vignette{/}
UI_20150714_001646	{@st66b}เปิด FXAA{/}
UI_20150714_001647	{@st66b}เปิด ภาพฟุ้ง{/}
UI_20150714_001648	{@st66b}เปิด ภาพแนวลึก{/}
UI_20150714_001649	{@st66b}เปิด Soft Particle{/}
UI_20150714_001650	{@st66b}เปิด ความละเอียดสูง {/}
UI_20150714_001651	{@st66b}เปิด Vertical Sync{/}
UI_20150714_001652	{@st66b}ปิด Vertical Sync{/}
UI_20150714_001653	{@st66b}คุณจะถูกหักออก  %s silver เมื่อคุณฝาก หรือ ถอนไอเท็มออกจากคลังส่วนตัว{/}
UI_20150714_001654	%s like me
UI_20150714_001655	{@st41}Spectate
UI_20150714_001656	{@st66b}Exit Spectator Mode
UI_20150714_001657	{memo X}Found a game. Do you want to join?
UI_20150714_001658	{memo X}{@st41}เข้าร่วม
UI_20150714_001659	{@st41}ปฏิเสธ
UI_20150714_001660	End Game
UI_20150714_001661	จำนวนครั้งที่ตาย
UI_20150714_001662	ความเสียหาย
UI_20150714_001663	{@st41}Return to the zone
UI_20150714_001664	{@st41b}Return to the zone in just %s seconds...{/}
UI_20150714_001665	{@st59}เปิดกล่องข้อความ{/}
UI_20150714_001666	{@st42}Change Lodge{/}
UI_20150714_001667	{@st42}Lodge Settings{/}
UI_20150714_001668	{@st65}%s คะแนน{/}
UI_20150714_001669	{@st65}×%s{/}
UI_20150714_001670	{@st65}% คะแนน{/}
UI_20150714_001671	{@st65}×%s{/}
UI_20150714_001672	Image Description
UI_20150714_001673	{#000000}%s seconds
UI_20150714_001674	{#000000}%s equipped
UI_20150714_001675	ชื่อ Party : {#2c140c}%s{/}
UI_20150714_001676	Description : {#2c140c}%s{/}
UI_20150714_001677	Average Party Level : {#2c140c}%s{/}
UI_20150714_001678	Searching For : {#2c140c}%s{/}
UI_20150714_001679	Quest Sharing : {#2c140c}%s{/}
UI_20150714_001680	EXP Priority : {#2c140c}%s{/}
UI_20150714_001681	Item Priority : {#2c140c}%s{/}
UI_20150714_001682	Did you have a good time with this party?
UI_20150714_001683	{@st42} obtained %s by %s
UI_20150714_001684	{@st42} enhanced %s by %s
UI_20150714_001685	Memo :%s
UI_20150714_001686	{@st59}Add the material to this item slot.{/}
UI_20150714_001687	{@st66b}ราคา : %s{/}
UI_20150714_001688	การทักทายของตัวละคร
UI_20150714_001689	ร้านซื้อไอเท็ม
UI_20150714_001690	×%s
UI_20150714_001691	{@41b}Criteria
UI_20150714_001692	{memo X}{@st41}Delete
UI_20150714_001693	{@st41}Refresh
UI_20150717_001694	{memo X}{#ffff00}%s{/} players like this character
UI_20150717_001695	{@st41b}{s56}This game is {#0066FF}
UI_20150717_001696	Rated T.
UI_20150717_001697	{s40} {nl}Long hours playing the game can negatively affect your health.{/}
UI_20150717_001698	{@st66b}Enter
UI_20150717_001699	{@st42}My Summon Info
UI_20150717_001700	การเคลื่อนที่ของคุณจะช้าลงเมื่อคุณมี {@st59}STA{/} ไม่เพียงพอ
UI_20150717_001701	{@st59}จัดเรียงกระเป๋า{/}
UI_20150717_001702	{memo X}จัดเรียง
UI_20150717_001703	{@st59}ปิดข้อมูล Joypad Control{/}
UI_20150717_001704	{@st59}ปิดข้อมูล Keyboard Control{/}
UI_20150717_001705	Mouse Tutorial
UI_20150717_001706	{@st59}ปิดข้อมูล Mouse Control{/}
UI_20150717_001707	พลังโจมตี : %s
UI_20150717_001708	พลังป้องกัน : %s
UI_20150717_001709	STR : %s
UI_20150717_001710	CON : %s
UI_20150717_001711	INT : %s
UI_20150717_001712	DEX : %s
UI_20150717_001713	SPR : %s
UI_20150717_001714	{memo X}{@st42b}Swordsman types can dash by pressing the arrow key twice.{/}
UI_20150717_001715	{@st42}ชื่อปาร์ตี้ และ รายละเอียด{/}
UI_20150717_001716	{@st42}เพิ่มแท็กชวนปาร์ตี้ในช่องแชท
UI_20150717_001717	{@st41b}รายชื่อ Party สาธารณะ{/}
UI_20150717_001718	{memo X}{@st41b}Recommended Character List{/}
UI_20150717_001719	{@st41b}แนะนำเพิ่มเติม
UI_20150717_001720	สามารถใช้ได้เฉพาะหัวหน้า Party เท่านั้น
UI_20150717_001721	You must use the Party Member Recommendation function.
UI_20150717_001722	{@st66b}Quest Class Name{/}
UI_20150717_001723	{@st59b}ร้านค้า{nl}{@st59s} - Use Shift + Right-click and enter a quantity to buy/sell multiple items{nl} - Right-click twice to sell all the items{/}
UI_20150717_001724	{@st59}Mouse Info{/}
UI_20150717_001725	{@st66b}จัดเรียง
UI_20150717_001726	{@st59}จัดเรียงไอเท็มของคุณ{/}
UI_20150717_001727	{@st59}Equip weapons to this slot{nl}Press Alt+Z to swap weapons{/}
UI_20150717_001728	Spectate another character
UI_20150717_001729	{@st41}Battle Field
UI_20150717_001730	ผลลัพธ์
UI_20150717_001731	{@st41}Move Immediately
UI_20150717_001732	{@st41b}            A Team Name represents all your characters.{nl}                 It is a common name used within the game.{nl}                  Your Team Name can be changed later on.{/}
UI_20150729_001733	{@st42}แสดงเฉพาะ Attributes ที่สามารถเรียนได้{/}
UI_20150729_001734	จำนวนขา
UI_20150729_001735	ส่วนสูง
UI_20150729_001736	น้ำหนัก
UI_20150729_001737	{@st43}Gem Roasting{/}
UI_20150729_001738	{@st59b}Item Crafting{nl}{@st59s} - An item can be crafted by using a recipe.{nl} - Place the recipe and required materials in the slot to begin crafting an item. {nl} - You can attach a unique name and memo to the item.{/}
UI_20150729_001739	{@st59}Close Arrow Crafting{/}
UI_20150729_001740	{memo X}Fragments needed : Mutant %s / Beast %s / Plant %s
UI_20150729_001741	{@st42b}         Swordsman classes can sprint by                        double-tapping a directional key{/}
UI_20150729_001742	{@st41}ตั้งค่า Party
UI_20150729_001743	{@st41}ตั้งค่าการรับสมัคร Party
UI_20150729_001744	{@st42}ค้นหาสมาชิกเพิ่ม{/}
UI_20150729_001745	When a player meets the criteria you set up, a [Party Match!] message will be shown on your screen.
UI_20150729_001746	{@st41b}รายชื่อผู้เล่นที่แนะนำ{/}
UI_20150729_001747	{@st41}Attribute Information
UI_20150729_001748	{@st59}Cancel Enhancement{/}
UI_20150729_001749	{@st59b}Gem/Card Enhancement{nl}{@st59s} - Select a gem or card from your inventory to enhance it.{nl} - All items with exception of quest items can be used as materials for enhancing gems.{nl} (Most effective when using a gem as material){nl} - Cards can only be enhanced by using other cards.{/}
UI_20150729_001750	{memo X}{#000000}{s22}Server Queue
UI_20150729_001751	{memo X}{#000000}{s22}The server is currently full. Queueing for entry.
UI_20150729_001752	{memo X}{#000000}{s22}Current Position : %s
UI_20150729_001753	{@st43}Team Battle League
UI_20150729_001754	{@st59}Close Team Battle League
UI_20150729_001755	{@st42}Team Battle League Schedule
UI_20150729_001756	{@st43}Team Battle League Rankings
UI_20150729_001757	{@st59}Close Team Battle League Rankings
UI_20150729_001758	ชื่อ Team
UI_20150729_001759	{@st41b}Skill Name
UI_20150729_001760	{@st59}Accept Party Mission{/}
UI_20150729_001761	{@st59}Delete this Ticket{/}
UI_20150729_001762	คะแนน
UI_20150729_001763	เข้าร่วม Team Battle League
UI_20150730_001764	{memo X}{@st56}My Rank
UI_20150730_001765	{memo X}{@st56}Kill Rank
UI_20150730_001766	{memo X}{@st56}Damage Rank
UI_20150803_001767	ทั่วไป: /s <ข้อความ> {nl} ตะโกน: /y <ข้อความ> {nl} ปาร์ตี้: /p <ข้อความ>{nl} กระซิบ: /w <ชื่อ Team> <ข้อความ>
UI_20150803_001768	{@st66b}Joypad สั่น{/}
UI_20150803_001769	A match has been found. Please wait until you can join the game.
UI_20150804_001770	{memo had to be shortened to fit the UI}{@st43}{s18}Pick the character to receive the item(s).{/}
UI_20150804_001771	เจาะรูได้สูงสุด : %s
UI_20150807_001772	{@st41b}Details {img red_down_arrow 16 16}
UI_20150807_001773	{memo X}
UI_20150807_001774	{memo X}
UI_20150918_001775	Camp Duration
UI_20150918_001776	Effect
UI_20150918_001777	Camp duration is increased when it is renewed{nl} Requires %s silver.
UI_20150918_001778	Personal Warehouse
UI_20150918_001779	{@st41b}Type : {@sti7}%s{/}
UI_20150918_001780	{@st41b}Difficulty : {@sti7}%s{/}
UI_20150918_001781	{#ffff00}{ol}%s{/}{/} players like this character
UI_20150918_001782	{@st43}Instanced Dungeons
UI_20150918_001783	{@st41}Check Location
UI_20150918_001784	{#000000}Dungeon Name{/}
UI_20150918_001785	{#000000}Entry Level{/}
UI_20150918_001786	{#000000}Entry Count{/}
UI_20150918_001787	{#000000}The number of entries will reset at %s.{/}
UI_20150918_001788	{img silver 20 20} ราคา
UI_20150918_001789	ข้อมูลปาร์ตี้ใกล้เคียง
UI_20150918_001790	Required Fragments : %s 
UI_20150918_001791	{@st66b}Empty
UI_20150918_001792	{@st42}แสดงปาร์ตี้ใกล้เคียง{/}
UI_20150918_001793	Friendship with {@sti9}%s{@st66b} : {@st66b}Level{/} {@sti9}%s {@st66b}
UI_20150918_001794	Friendship
UI_20150918_001795	{@st41b}Obtained material for crafting an item!
UI_20150918_001796	{@st66b}{s20}You have become {/}{s20}{#cc6600}{ol}Incapable of Combat {/}{@st66b}{s20}!{/}
UI_20150918_001797	{@st66b}กลับไปยังจุดเกิดที่ใกล้ที่สุด{/}
UI_20150918_001798	{@st66b}เกิดใหม่ตรงนี้ (ต้องการ %s iCoins){/}
UI_20150918_001799	{@st66b}กลับไปยังจุดเกิด{/}
UI_20150918_001800	{@st66b}ยอมแพ้แล้วกลับไปยังจุดเริ่มต้น{/}
UI_20150918_001801	{@st66b}ลองอีกครั้ง{/}
UI_20150918_001802	{@st66b}ขาย Items ไปแล้ว{/}
UI_20150918_001803	{@st53}Ranking Points : %s
UI_20150918_001804	Total Untradable: %s
UI_20150918_001805	{@st42b}อ่านบทสนทนา{/}
UI_20150918_001806	{@st66b}Give food to outside party{/}
UI_20150918_001807	{@st41b}Change Signboard Title
UI_20150918_001808	{@sti9}My Rank
UI_20150918_001809	{@sti9}Kill Rank
UI_20150918_001810	{@sti9}Damage Rank
UI_20151001_001811	{@st43}Key Settings{/}
UI_20151001_001812	{@st45tw2}Category
UI_20151001_001813	Action
UI_20151001_001814	กลับสู่ค่าเริ่มต้น
UI_20151016_001815	{@st59}เลือกไอเท็มที่ต้องการจะล๊อค{/}
UI_20151016_001816	{@st59}คุณสามารถเปลี่ยนรูปแบบบ้านพัก และ ดูตัวอย่างได้
UI_20151016_001817	%s ตัวละครs{/}
UI_20151016_001818	{@st42b}ตัวอย่าง
UI_20151016_001819	{@st42b}ย้อนกลับ
UI_20151016_001820	{@st42b}ซื้อ
UI_20151016_001821	{@st42b}ใช้งาน
UI_20151016_001822	Guild Name and Description
UI_20151016_001823	ชื่อ Team
UI_20151016_001824	Title
UI_20151016_001825	Notice
UI_20151022_001826	{@st41}Server Queue
UI_20151022_001827	{#000000}{s18}Server เต็มแล้ว กำลังเข้า Queue รอ
UI_20151022_001828	{@st66b18}Current Position : %s
UI_20151022_001829	{@st66b}แสดง Effects ของตัวละครอื่น
UI_20151023_001830	iCoin
